date,symbol,direction,entry_price,exit_price,quantity,sl,target,pnl,pnl_pct,exit_reason,entry_time,exit_time,mode
2021-03-30,ADANIENT,LONG,985.7,1001.5,25,958.1,1027.1,305.32,1.239,EOD,2021-03-30 10:20:00+05:30,2021-03-30 15:15:00+05:30,backtest
2021-03-31,TATASTEEL,LONG,75.93,75.64,330,73.68,79.31,-185.72,-0.741,EOD,2021-03-31 09:40:00+05:30,2021-03-31 15:15:00+05:30,backtest
2021-03-31,APOLLOHOSP,LONG,2927.0,2903.7,8,2882.05,2994.42,-273.05,-1.166,EOD,2021-03-31 11:00:00+05:30,2021-03-31 15:15:00+05:30,backtest
2021-04-01,HINDALCO,LONG,335.75,346.7,74,328.45,346.7,719.8,2.897,TARGET,2021-04-01 10:10:00+05:30,2021-04-01 12:15:00+05:30,backtest
2021-04-01,BAJAJFINSV,LONG,980.0,969.35,25,969.35,995.97,-354.98,-1.449,SL,2021-04-01 10:15:00+05:30,2021-04-01 12:05:00+05:30,backtest
2021-04-05,DIVISLAB,LONG,3652.0,3603.0,6,3603.0,3725.5,-377.53,-1.723,SL,2021-04-05 09:40:00+05:30,2021-04-05 11:05:00+05:30,backtest
2021-04-06,ADANIPORTS,LONG,791.75,833.7,15,743.0,864.88,564.87,4.756,EOD,2021-04-06 10:50:00+05:30,2021-04-06 15:15:00+05:30,backtest
2021-04-06,SBILIFE,LONG,881.6,895.95,28,866.0,905.0,312.03,1.264,EOD,2021-04-06 09:50:00+05:30,2021-04-06 15:15:00+05:30,backtest
2021-04-08,NESTLEIND,LONG,876.5,885.0,28,866.4,891.65,148.68,0.606,EOD,2021-04-08 10:50:00+05:30,2021-04-08 15:15:00+05:30,backtest
2021-04-08,TITAN,LONG,1552.55,1572.2,16,1525.5,1593.12,224.4,0.903,EOD,2021-04-08 11:45:00+05:30,2021-04-08 15:15:00+05:30,backtest
2021-04-09,SBIN,LONG,363.8,353.0,60,351.25,382.62,-731.01,-3.349,EOD,2021-04-09 10:05:00+05:30,2021-04-09 15:15:00+05:30,backtest
2021-04-09,WIPRO,LONG,213.45,215.15,118,210.5,217.87,110.03,0.437,EOD,2021-04-09 11:45:00+05:30,2021-04-09 15:15:00+05:30,backtest
2021-04-12,DRREDDY,LONG,981.7,986.45,17,939.2,1045.45,7.29,0.044,EOD,2021-04-12 10:30:00+05:30,2021-04-12 15:15:00+05:30,backtest
2021-04-12,DIVISLAB,LONG,3809.05,3778.25,5,3677.0,4007.13,-231.94,-1.218,EOD,2021-04-12 10:15:00+05:30,2021-04-12 15:15:00+05:30,backtest
2021-04-13,TITAN,LONG,1547.0,1520.0,16,1520.0,1587.5,-521.07,-2.105,SL,2021-04-13 09:45:00+05:30,2021-04-13 12:25:00+05:30,backtest
2021-04-15,DIVISLAB,LONG,3808.75,3785.7,6,3710.85,3955.6,-223.87,-0.98,EOD,2021-04-15 10:45:00+05:30,2021-04-15 15:15:00+05:30,backtest
2021-04-16,ADANIPORTS,LONG,764.0,755.1,32,743.0,795.5,-373.41,-1.527,EOD,2021-04-16 09:50:00+05:30,2021-04-16 15:15:00+05:30,backtest
2021-04-16,BRITANNIA,SHORT,3678.0,3709.8,6,3709.8,3630.3,-275.13,-1.247,SL,2021-04-16 10:05:00+05:30,2021-04-16 11:15:00+05:30,backtest
2021-04-19,SUNPHARMA,LONG,649.75,636.85,38,636.85,669.1,-579.09,-2.345,SL,2021-04-19 09:35:00+05:30,2021-04-19 10:30:00+05:30,backtest
2021-04-19,DIVISLAB,LONG,3839.4,3806.75,6,3756.0,3964.5,-281.78,-1.223,EOD,2021-04-19 09:35:00+05:30,2021-04-19 15:15:00+05:30,backtest
2021-04-20,BRITANNIA,SHORT,3712.0,3737.8,6,3750.85,3653.73,-239.5,-1.075,EOD,2021-04-20 10:30:00+05:30,2021-04-20 15:15:00+05:30,backtest
2021-04-22,BRITANNIA,LONG,3748.6,3739.85,6,3692.15,3833.27,-137.43,-0.611,EOD,2021-04-22 11:15:00+05:30,2021-04-22 15:15:00+05:30,backtest
2021-04-23,APOLLOHOSP,LONG,3287.7,3224.7,7,3224.7,3382.2,-526.59,-2.288,SL,2021-04-23 09:35:00+05:30,2021-04-23 10:40:00+05:30,backtest
2021-04-23,BAJAJ-AUTO,LONG,3612.0,3569.0,6,3569.0,3676.5,-341.09,-1.574,SL,2021-04-23 11:15:00+05:30,2021-04-23 14:30:00+05:30,backtest
2021-04-26,BAJAJ-AUTO,LONG,3624.0,3641.5,6,3585.0,3682.5,21.41,0.098,EOD,2021-04-26 10:05:00+05:30,2021-04-26 15:15:00+05:30,backtest
2021-04-26,NESTLEIND,SHORT,835.6,843.5,28,843.5,823.75,-308.21,-1.317,SL,2021-04-26 10:50:00+05:30,2021-04-26 15:00:00+05:30,backtest
2021-04-27,TITAN,LONG,1501.95,1494.05,16,1482.25,1531.5,-214.34,-0.892,EOD,2021-04-27 10:00:00+05:30,2021-04-27 15:15:00+05:30,backtest
2021-04-27,TATASTEEL,LONG,90.05,91.95,267,88.78,91.95,420.04,1.747,TARGET,2021-04-27 09:35:00+05:30,2021-04-27 15:10:00+05:30,backtest
2021-04-28,TITAN,LONG,1512.1,1497.55,15,1497.55,1533.92,-303.39,-1.338,SL,2021-04-28 09:45:00+05:30,2021-04-28 10:20:00+05:30,backtest
2021-04-29,SUNPHARMA,LONG,650.75,644.6,37,641.2,665.07,-315.48,-1.31,EOD,2021-04-29 10:20:00+05:30,2021-04-29 15:15:00+05:30,backtest
2021-04-29,GRASIM,SHORT,1342.15,1343.65,17,1359.0,1316.88,-111.16,-0.487,EOD,2021-04-29 10:30:00+05:30,2021-04-29 15:15:00+05:30,backtest
2021-05-03,ADANIPORTS,LONG,755.7,761.6,17,714.95,816.83,34.51,0.269,EOD,2021-05-03 11:45:00+05:30,2021-05-03 15:15:00+05:30,backtest
2021-05-03,NESTLEIND,LONG,826.6,823.4,29,813.6,846.1,-180.65,-0.754,EOD,2021-05-03 11:20:00+05:30,2021-05-03 15:15:00+05:30,backtest
2021-05-04,SUNPHARMA,LONG,662.6,655.45,36,655.45,673.33,-344.85,-1.446,SL,2021-05-04 10:05:00+05:30,2021-05-04 10:50:00+05:30,backtest
2021-05-04,GRASIM,LONG,1421.5,1410.4,16,1400.05,1453.68,-262.91,-1.156,EOD,2021-05-04 11:20:00+05:30,2021-05-04 15:15:00+05:30,backtest
2021-05-05,KOTAKBANK,SHORT,346.0,349.8,68,349.8,340.3,-345.71,-1.469,SL,2021-05-05 10:00:00+05:30,2021-05-05 10:05:00+05:30,backtest
2021-05-06,HEROMOTOCO,LONG,2663.4,2701.5,8,2638.0,2701.5,221.88,1.041,TARGET,2021-05-06 09:35:00+05:30,2021-05-06 10:25:00+05:30,backtest
2021-05-06,HINDUNILVR,SHORT,2386.0,2389.35,9,2416.55,2340.17,-113.13,-0.527,EOD,2021-05-06 10:00:00+05:30,2021-05-06 15:15:00+05:30,backtest
2021-05-07,ADANIENT,LONG,1269.3,1259.7,18,1253.0,1293.75,-258.32,-1.131,EOD,2021-05-07 10:05:00+05:30,2021-05-07 15:15:00+05:30,backtest
2021-05-07,ITC,LONG,174.75,174.0,135,172.3,178.42,-188.33,-0.798,EOD,2021-05-07 10:35:00+05:30,2021-05-07 15:15:00+05:30,backtest
2021-05-10,SBIN,LONG,366.7,361.75,64,359.1,378.1,-403.42,-1.719,EOD,2021-05-10 10:15:00+05:30,2021-05-10 15:15:00+05:30,backtest
2021-05-10,SUNPHARMA,LONG,700.05,697.2,33,683.6,724.72,-180.16,-0.78,EOD,2021-05-10 11:30:00+05:30,2021-05-10 15:15:00+05:30,backtest
2021-05-11,ULTRACEMCO,LONG,6504.55,6493.0,3,6311.0,6794.88,-113.64,-0.582,EOD,2021-05-11 09:55:00+05:30,2021-05-11 15:15:00+05:30,backtest
2021-05-11,LT,LONG,1397.3,1384.5,16,1376.7,1428.2,-289.31,-1.294,EOD,2021-05-11 11:30:00+05:30,2021-05-11 15:15:00+05:30,backtest
2021-05-14,BRITANNIA,LONG,3494.75,3498.2,6,3438.2,3579.58,-61.26,-0.292,EOD,2021-05-14 10:30:00+05:30,2021-05-14 15:15:00+05:30,backtest
2021-05-14,NESTLEIND,LONG,848.1,860.2,27,830.2,874.95,240.58,1.051,EOD,2021-05-14 10:30:00+05:30,2021-05-14 15:15:00+05:30,backtest
2021-05-17,HEROMOTOCO,LONG,2686.6,2688.05,8,2646.6,2746.6,-71.4,-0.332,EOD,2021-05-17 10:35:00+05:30,2021-05-17 15:15:00+05:30,backtest
2021-05-17,BAJFINANCE,LONG,549.0,541.0,40,531.5,575.25,-403.6,-1.838,EOD,2021-05-17 10:15:00+05:30,2021-05-17 15:15:00+05:30,backtest
2021-05-18,HDFCLIFE,SHORT,666.9,666.55,34,672.8,658.05,-73.44,-0.324,EOD,2021-05-18 11:40:00+05:30,2021-05-18 15:15:00+05:30,backtest
2021-05-18,HCLTECH,LONG,932.5,931.5,24,925.05,943.68,-108.74,-0.486,EOD,2021-05-18 09:50:00+05:30,2021-05-18 15:15:00+05:30,backtest
2021-05-19,SUNPHARMA,LONG,701.7,704.0,33,691.05,717.68,-10.49,-0.045,EOD,2021-05-19 10:15:00+05:30,2021-05-19 15:15:00+05:30,backtest
2021-05-19,MARUTI,LONG,6851.0,6775.5,3,6765.0,6980.0,-307.38,-1.496,EOD,2021-05-19 09:40:00+05:30,2021-05-19 15:15:00+05:30,backtest
2021-05-20,MARUTI,SHORT,6765.0,6739.9,3,6814.0,6691.5,-5.21,-0.026,EOD,2021-05-20 11:05:00+05:30,2021-05-20 15:15:00+05:30,backtest
2021-05-20,HDFCLIFE,LONG,673.8,666.85,34,666.85,684.22,-321.88,-1.405,SL,2021-05-20 09:45:00+05:30,2021-05-20 15:10:00+05:30,backtest
2021-05-21,EICHERMOT,LONG,2557.2,2534.3,9,2534.3,2591.55,-291.92,-1.268,SL,2021-05-21 09:45:00+05:30,2021-05-21 10:35:00+05:30,backtest
2021-05-21,NESTLEIND,LONG,871.7,874.8,26,864.0,883.25,-4.81,-0.021,EOD,2021-05-21 09:45:00+05:30,2021-05-21 15:15:00+05:30,backtest
2021-05-24,TECHM,LONG,946.2,938.7,24,930.4,969.9,-265.24,-1.168,EOD,2021-05-24 10:15:00+05:30,2021-05-24 15:15:00+05:30,backtest
2021-05-24,ADANIPORTS,LONG,779.15,767.2,29,764.3,801.42,-431.39,-1.909,EOD,2021-05-24 11:20:00+05:30,2021-05-24 15:15:00+05:30,backtest
2021-05-25,ADANIENT,SHORT,1267.0,1249.3,18,1278.8,1249.3,233.31,1.023,TARGET,2021-05-25 10:55:00+05:30,2021-05-25 13:30:00+05:30,backtest
2021-05-25,ONGC,LONG,104.3,103.6,219,103.0,106.25,-238.83,-1.046,EOD,2021-05-25 10:00:00+05:30,2021-05-25 15:15:00+05:30,backtest
2021-05-26,MARUTI,LONG,6991.25,7037.7,3,6912.0,7110.12,57.26,0.273,EOD,2021-05-26 11:10:00+05:30,2021-05-26 15:15:00+05:30,backtest
2021-05-26,SBIN,LONG,416.8,414.45,54,410.85,425.73,-211.79,-0.941,EOD,2021-05-26 10:00:00+05:30,2021-05-26 15:15:00+05:30,backtest
2021-05-27,ULTRACEMCO,LONG,6689.9,6664.75,3,6580.25,6854.37,-155.51,-0.775,EOD,2021-05-27 11:50:00+05:30,2021-05-27 15:15:00+05:30,backtest
2021-05-27,ITC,LONG,180.75,178.75,126,178.15,184.65,-337.3,-1.481,EOD,2021-05-27 09:50:00+05:30,2021-05-27 15:15:00+05:30,backtest
2021-05-28,LT,LONG,1498.9,1477.4,15,1477.4,1531.15,-407.14,-1.811,SL,2021-05-28 09:55:00+05:30,2021-05-28 11:45:00+05:30,backtest
2021-05-28,COALINDIA,LONG,138.35,136.65,163,134.75,143.75,-361.92,-1.605,EOD,2021-05-28 10:45:00+05:30,2021-05-28 15:15:00+05:30,backtest
2021-05-31,RELIANCE,LONG,1032.4,1029.0,17,993.95,1090.08,-132.84,-0.757,EOD,2021-05-31 10:55:00+05:30,2021-05-31 15:15:00+05:30,backtest
2021-06-01,SBILIFE,SHORT,966.5,968.05,23,981.9,943.4,-120.14,-0.54,EOD,2021-06-01 11:40:00+05:30,2021-06-01 15:15:00+05:30,backtest
2021-06-03,JSWSTEEL,LONG,715.4,715.45,31,707.5,727.25,-82.81,-0.373,EOD,2021-06-03 11:35:00+05:30,2021-06-03 15:15:00+05:30,backtest
2021-06-03,INDUSINDBK,SHORT,984.45,1007.2,12,1037.25,905.25,-336.9,-2.852,EOD,2021-06-03 11:00:00+05:30,2021-06-03 15:15:00+05:30,backtest
2021-06-04,AXISBANK,LONG,759.05,747.55,29,747.55,776.3,-417.19,-1.895,SL,2021-06-04 09:35:00+05:30,2021-06-04 11:10:00+05:30,backtest
2021-06-04,COALINDIA,LONG,140.1,143.32,159,137.95,143.32,427.71,1.92,TARGET,2021-06-04 09:50:00+05:30,2021-06-04 13:55:00+05:30,backtest
2021-06-07,ULTRACEMCO,LONG,6738.5,6851.75,3,6663.0,6851.75,258.98,1.281,TARGET,2021-06-07 09:35:00+05:30,2021-06-07 11:00:00+05:30,backtest
2021-06-08,LT,LONG,1576.25,1556.85,14,1556.85,1605.35,-355.46,-1.611,SL,2021-06-08 10:10:00+05:30,2021-06-08 14:30:00+05:30,backtest
2021-06-08,M&M,LONG,807.8,807.6,27,801.15,817.77,-89.02,-0.408,EOD,2021-06-08 10:50:00+05:30,2021-06-08 15:15:00+05:30,backtest
2021-06-09,UPL,LONG,825.2,813.6,26,813.6,842.6,-384.21,-1.791,SL,2021-06-09 09:55:00+05:30,2021-06-09 13:10:00+05:30,backtest
2021-06-09,ADANIPORTS,LONG,885.25,872.4,25,872.4,904.53,-405.19,-1.831,SL,2021-06-09 10:00:00+05:30,2021-06-09 13:00:00+05:30,backtest
2021-06-10,BAJFINANCE,LONG,581.0,600.5,38,568.0,600.5,656.1,2.972,TARGET,2021-06-10 10:20:00+05:30,2021-06-10 14:00:00+05:30,backtest
2021-06-10,RELIANCE,LONG,1058.9,1040.0,20,1040.0,1087.25,-459.98,-2.172,SL,2021-06-10 11:55:00+05:30,2021-06-10 15:10:00+05:30,backtest
2021-06-11,NTPC,LONG,119.45,118.3,185,118.3,121.18,-296.73,-1.343,SL,2021-06-11 09:50:00+05:30,2021-06-11 11:05:00+05:30,backtest
2021-06-11,HCLTECH,LONG,988.0,982.95,22,971.3,1013.05,-194.46,-0.895,EOD,2021-06-11 11:50:00+05:30,2021-06-11 15:15:00+05:30,backtest
2021-06-14,BRITANNIA,LONG,3573.25,3587.1,6,3510.85,3666.85,0.14,0.001,EOD,2021-06-14 11:55:00+05:30,2021-06-14 15:15:00+05:30,backtest
2021-06-14,HINDUNILVR,LONG,2361.8,2363.8,9,2340.0,2394.5,-64.53,-0.304,EOD,2021-06-14 11:15:00+05:30,2021-06-14 15:15:00+05:30,backtest
2021-06-15,GRASIM,LONG,1501.55,1490.45,14,1482.1,1530.72,-237.29,-1.129,EOD,2021-06-15 10:30:00+05:30,2021-06-15 15:15:00+05:30,backtest
2021-06-15,ONGC,LONG,115.4,113.05,190,113.05,118.93,-529.91,-2.417,SL,2021-06-15 10:10:00+05:30,2021-06-15 15:10:00+05:30,backtest
2021-06-16,TCS,LONG,3277.3,3272.7,6,3255.0,3310.75,-106.9,-0.544,EOD,2021-06-16 09:50:00+05:30,2021-06-16 15:15:00+05:30,backtest
2021-06-16,APOLLOHOSP,LONG,3317.05,3292.5,6,3281.1,3370.98,-226.96,-1.14,EOD,2021-06-16 11:40:00+05:30,2021-06-16 15:15:00+05:30,backtest
2021-06-17,MARUTI,SHORT,7058.5,6997.83,3,7098.95,6997.83,99.86,0.472,TARGET,2021-06-17 09:45:00+05:30,2021-06-17 13:40:00+05:30,backtest
2021-06-18,BAJAJ-AUTO,LONG,4023.0,4072.0,5,3930.5,4161.75,164.53,0.818,EOD,2021-06-18 11:25:00+05:30,2021-06-18 15:15:00+05:30,backtest
2021-06-18,DRREDDY,SHORT,1050.2,1068.0,20,1068.0,1023.5,-438.36,-2.087,SL,2021-06-18 10:55:00+05:30,2021-06-18 14:25:00+05:30,backtest
2021-06-22,HDFCBANK,LONG,753.6,746.3,28,746.3,764.55,-286.4,-1.357,SL,2021-06-22 10:05:00+05:30,2021-06-22 12:50:00+05:30,backtest
2021-06-22,BAJAJ-AUTO,LONG,4109.0,4120.5,5,4052.5,4193.75,-23.65,-0.115,EOD,2021-06-22 11:10:00+05:30,2021-06-22 15:15:00+05:30,backtest
2021-06-24,SBILIFE,LONG,1004.65,1001.9,21,996.0,1017.62,-139.89,-0.663,EOD,2021-06-24 11:45:00+05:30,2021-06-24 15:15:00+05:30,backtest
2021-06-24,LT,LONG,1503.55,1504.3,14,1482.1,1535.72,-71.61,-0.34,EOD,2021-06-24 09:45:00+05:30,2021-06-24 15:15:00+05:30,backtest
2021-06-25,SBIN,LONG,424.55,428.9,50,419.15,432.65,134.83,0.635,EOD,2021-06-25 11:40:00+05:30,2021-06-25 15:15:00+05:30,backtest
2021-06-25,SBILIFE,LONG,1015.0,1007.2,21,992.05,1049.43,-246.27,-1.155,EOD,2021-06-25 11:25:00+05:30,2021-06-25 15:15:00+05:30,backtest
2021-06-28,HDFCBANK,SHORT,754.8,754.3,28,761.5,744.75,-68.25,-0.323,EOD,2021-06-28 09:40:00+05:30,2021-06-28 15:15:00+05:30,backtest
2021-06-28,SBILIFE,LONG,1016.0,1008.45,21,1008.45,1027.32,-241.06,-1.13,SL,2021-06-28 09:45:00+05:30,2021-06-28 10:30:00+05:30,backtest
2021-06-29,NTPC,SHORT,115.8,116.95,185,116.95,114.07,-295.81,-1.381,SL,2021-06-29 10:55:00+05:30,2021-06-29 15:00:00+05:30,backtest
2021-06-29,ICICIBANK,SHORT,640.25,640.15,33,647.45,629.45,-78.95,-0.374,EOD,2021-06-29 11:50:00+05:30,2021-06-29 15:15:00+05:30,backtest
2021-06-30,DIVISLAB,LONG,4408.0,4408.0,4,4359.75,4480.38,-75.26,-0.427,EOD,2021-06-30 11:45:00+05:30,2021-06-30 15:15:00+05:30,backtest
2021-07-01,DRREDDY,SHORT,1083.6,1089.55,19,1089.55,1074.67,-194.34,-0.944,SL,2021-07-01 11:10:00+05:30,2021-07-01 12:25:00+05:30,backtest
2021-07-01,BRITANNIA,SHORT,3633.15,3597.75,5,3656.75,3597.75,100.85,0.555,TARGET,2021-07-01 11:55:00+05:30,2021-07-01 14:30:00+05:30,backtest
2021-07-02,COALINDIA,LONG,137.75,137.5,154,136.0,140.38,-120.89,-0.57,EOD,2021-07-02 09:35:00+05:30,2021-07-02 15:15:00+05:30,backtest
2021-07-02,NTPC,LONG,118.65,117.35,179,117.0,121.13,-314.94,-1.483,EOD,2021-07-02 09:50:00+05:30,2021-07-02 15:15:00+05:30,backtest
2021-07-05,NTPC,LONG,118.65,118.55,178,117.25,120.75,-100.02,-0.474,EOD,2021-07-05 09:40:00+05:30,2021-07-05 15:15:00+05:30,backtest
2021-07-05,BRITANNIA,SHORT,3548.1,3526.95,5,3584.5,3493.5,30.37,0.171,EOD,2021-07-05 10:00:00+05:30,2021-07-05 15:15:00+05:30,backtest
2021-07-06,DRREDDY,LONG,1110.35,1105.05,19,1105.05,1118.3,-182.79,-0.866,SL,2021-07-06 09:55:00+05:30,2021-07-06 14:30:00+05:30,backtest
2021-07-06,SBILIFE,LONG,1023.5,1022.2,20,1006.1,1049.6,-106.91,-0.522,EOD,2021-07-06 09:40:00+05:30,2021-07-06 15:15:00+05:30,backtest
2021-07-08,BRITANNIA,SHORT,3488.5,3493.95,6,3525.9,3432.4,-114.59,-0.547,EOD,2021-07-08 10:45:00+05:30,2021-07-08 15:15:00+05:30,backtest
2021-07-08,KOTAKBANK,SHORT,349.8,346.05,60,352.3,346.05,143.25,0.683,TARGET,2021-07-08 10:05:00+05:30,2021-07-08 14:25:00+05:30,backtest
2021-07-09,NTPC,LONG,117.45,118.2,179,116.45,118.95,52.07,0.248,EOD,2021-07-09 11:50:00+05:30,2021-07-09 15:15:00+05:30,backtest
2021-07-12,INFY,SHORT,1563.25,1541.12,13,1578.0,1541.12,207.27,1.02,TARGET,2021-07-12 11:45:00+05:30,2021-07-12 14:40:00+05:30,backtest
2021-07-12,UPL,LONG,790.9,783.7,26,783.7,801.7,-268.14,-1.304,SL,2021-07-12 10:25:00+05:30,2021-07-12 13:15:00+05:30,backtest
2021-07-13,SUNPHARMA,LONG,676.95,683.4,31,669.0,688.88,117.78,0.561,EOD,2021-07-13 09:40:00+05:30,2021-07-13 15:15:00+05:30,backtest
2021-07-13,BAJAJ-AUTO,LONG,3912.0,3869.0,5,3869.0,3976.5,-293.9,-1.503,SL,2021-07-13 10:10:00+05:30,2021-07-13 13:45:00+05:30,backtest
2021-07-14,KOTAKBANK,LONG,351.0,349.7,60,347.1,356.85,-160.04,-0.76,EOD,2021-07-14 10:45:00+05:30,2021-07-14 15:15:00+05:30,backtest
2021-07-14,HDFCBANK,LONG,751.0,750.2,28,746.2,758.2,-104.43,-0.497,EOD,2021-07-14 11:45:00+05:30,2021-07-14 15:15:00+05:30,backtest
2021-07-15,BAJAJFINSV,LONG,1305.15,1293.1,16,1293.1,1323.23,-274.37,-1.314,SL,2021-07-15 09:50:00+05:30,2021-07-15 14:45:00+05:30,backtest
2021-07-15,UPL,LONG,796.15,801.2,26,786.6,810.47,49.77,0.24,EOD,2021-07-15 11:35:00+05:30,2021-07-15 15:15:00+05:30,backtest
2021-07-16,HDFCLIFE,LONG,701.9,698.3,29,692.15,716.52,-185.01,-0.909,EOD,2021-07-16 11:20:00+05:30,2021-07-16 15:15:00+05:30,backtest
2021-07-16,BAJAJFINSV,SHORT,1285.2,1273.6,16,1298.9,1264.65,104.66,0.509,EOD,2021-07-16 11:45:00+05:30,2021-07-16 15:15:00+05:30,backtest
2021-07-20,SUNPHARMA,LONG,691.2,684.2,30,684.2,701.7,-291.26,-1.405,SL,2021-07-20 10:10:00+05:30,2021-07-20 10:40:00+05:30,backtest
2021-07-22,GRASIM,LONG,1592.85,1576.9,13,1576.9,1616.77,-288.56,-1.394,SL,2021-07-22 10:35:00+05:30,2021-07-22 11:10:00+05:30,backtest
2021-07-22,LT,LONG,1616.25,1640.5,12,1596.6,1645.73,211.92,1.093,EOD,2021-07-22 11:00:00+05:30,2021-07-22 15:15:00+05:30,backtest
2021-07-23,NTPC,SHORT,118.6,119.8,175,119.8,116.8,-291.72,-1.406,SL,2021-07-23 10:40:00+05:30,2021-07-23 13:55:00+05:30,backtest
2021-07-23,GRASIM,SHORT,1563.8,1543.9,13,1582.65,1535.52,178.3,0.877,EOD,2021-07-23 11:10:00+05:30,2021-07-23 15:15:00+05:30,backtest
2021-07-26,HINDUNILVR,SHORT,2346.4,2347.35,8,2360.0,2326.0,-85.15,-0.454,EOD,2021-07-26 11:50:00+05:30,2021-07-26 15:15:00+05:30,backtest
2021-07-26,ASIANPAINT,LONG,3116.0,3064.65,6,3056.1,3205.85,-385.18,-2.06,EOD,2021-07-26 09:50:00+05:30,2021-07-26 15:15:00+05:30,backtest
2021-07-27,CIPLA,SHORT,936.5,912.5,22,956.4,906.65,447.32,2.171,EOD,2021-07-27 10:55:00+05:30,2021-07-27 15:15:00+05:30,backtest
2021-07-27,TECHM,SHORT,1064.2,1073.1,19,1079.4,1041.4,-249.71,-1.235,EOD,2021-07-27 09:50:00+05:30,2021-07-27 15:15:00+05:30,backtest
2021-07-28,TITAN,LONG,1745.4,1719.6,11,1719.6,1784.1,-361.92,-1.885,SL,2021-07-28 10:10:00+05:30,2021-07-28 15:10:00+05:30,backtest
2021-07-28,HINDUNILVR,LONG,2365.35,2362.4,8,2343.1,2398.72,-101.42,-0.536,EOD,2021-07-28 10:10:00+05:30,2021-07-28 15:15:00+05:30,backtest
2021-07-29,JSWSTEEL,LONG,736.45,756.33,27,723.2,756.33,456.32,2.295,TARGET,2021-07-29 09:45:00+05:30,2021-07-29 13:55:00+05:30,backtest
2021-07-29,HINDALCO,LONG,428.85,446.93,48,416.8,446.93,785.56,3.816,TARGET,2021-07-29 10:15:00+05:30,2021-07-29 11:30:00+05:30,backtest
2021-07-30,NTPC,LONG,119.4,117.9,175,116.25,124.13,-344.03,-1.646,EOD,2021-07-30 09:40:00+05:30,2021-07-30 15:15:00+05:30,backtest
2021-07-30,UPL,LONG,797.15,783.7,26,783.7,817.32,-430.8,-2.079,SL,2021-07-30 09:40:00+05:30,2021-07-30 11:30:00+05:30,backtest
2021-08-02,TCS,LONG,3195.5,3219.4,6,3168.5,3236.0,64.91,0.339,EOD,2021-08-02 10:00:00+05:30,2021-08-02 15:15:00+05:30,backtest
2021-08-02,ADANIPORTS,LONG,693.1,692.15,29,678.1,715.6,-107.72,-0.536,EOD,2021-08-02 09:50:00+05:30,2021-08-02 15:15:00+05:30,backtest
2021-08-03,M&M,SHORT,756.05,766.0,27,766.0,741.12,-349.75,-1.713,SL,2021-08-03 10:40:00+05:30,2021-08-03 14:30:00+05:30,backtest
2021-08-03,BHARTIARTL,LONG,561.05,569.0,36,552.15,574.4,205.52,1.018,EOD,2021-08-03 10:15:00+05:30,2021-08-03 15:15:00+05:30,backtest
2021-08-04,GRASIM,SHORT,1568.85,1551.7,13,1598.65,1524.15,142.38,0.698,EOD,2021-08-04 11:40:00+05:30,2021-08-04 15:15:00+05:30,backtest
2021-08-04,M&M,SHORT,766.85,766.75,26,775.8,753.43,-77.27,-0.388,EOD,2021-08-04 11:15:00+05:30,2021-08-04 15:15:00+05:30,backtest
2021-08-05,BRITANNIA,LONG,3601.7,3609.65,5,3547.6,3682.85,-36.31,-0.202,EOD,2021-08-05 10:00:00+05:30,2021-08-05 15:15:00+05:30,backtest
2021-08-05,HEROMOTOCO,LONG,2655.4,2648.55,7,2619.3,2709.55,-125.08,-0.673,EOD,2021-08-05 10:10:00+05:30,2021-08-05 15:15:00+05:30,backtest
2021-08-06,TCS,LONG,3302.9,3309.05,6,3265.0,3359.75,-42.77,-0.216,EOD,2021-08-06 11:20:00+05:30,2021-08-06 15:15:00+05:30,backtest
2021-08-06,SBILIFE,LONG,1148.0,1149.2,17,1128.55,1177.18,-58.65,-0.301,EOD,2021-08-06 11:25:00+05:30,2021-08-06 15:15:00+05:30,backtest
2021-08-09,BRITANNIA,LONG,3636.0,3641.4,5,3608.3,3677.55,-49.39,-0.272,EOD,2021-08-09 11:05:00+05:30,2021-08-09 15:15:00+05:30,backtest
2021-08-09,ICICIBANK,LONG,703.5,695.6,29,695.6,715.35,-309.67,-1.518,SL,2021-08-09 09:40:00+05:30,2021-08-09 13:35:00+05:30,backtest
2021-08-10,TECHM,LONG,1260.6,1272.3,16,1232.8,1302.3,106.67,0.529,EOD,2021-08-10 10:55:00+05:30,2021-08-10 15:15:00+05:30,backtest
2021-08-10,NESTLEIND,SHORT,904.8,912.5,22,912.5,893.25,-249.38,-1.253,SL,2021-08-10 11:10:00+05:30,2021-08-10 13:25:00+05:30,backtest
2021-08-11,INFY,LONG,1682.0,1678.55,12,1668.0,1703.0,-121.73,-0.603,EOD,2021-08-11 10:15:00+05:30,2021-08-11 15:15:00+05:30,backtest
2021-08-11,TITAN,SHORT,1782.0,1787.95,11,1815.0,1732.5,-144.72,-0.738,EOD,2021-08-11 11:15:00+05:30,2021-08-11 15:15:00+05:30,backtest
2021-08-12,LT,LONG,1611.05,1623.35,12,1582.6,1653.72,68.79,0.356,EOD,2021-08-12 11:25:00+05:30,2021-08-12 15:15:00+05:30,backtest
2021-08-12,HINDUNILVR,LONG,2405.8,2392.55,8,2377.55,2448.18,-184.39,-0.958,EOD,2021-08-12 09:45:00+05:30,2021-08-12 15:15:00+05:30,backtest
2021-08-13,UPL,SHORT,745.35,747.65,27,751.2,736.58,-142.41,-0.708,EOD,2021-08-13 10:30:00+05:30,2021-08-13 15:15:00+05:30,backtest
2021-08-13,ADANIENT,LONG,1408.6,1394.2,14,1394.2,1430.2,-280.84,-1.424,SL,2021-08-13 11:20:00+05:30,2021-08-13 13:30:00+05:30,backtest
2021-08-16,HINDUNILVR,LONG,2425.25,2429.85,8,2393.05,2473.55,-42.04,-0.217,EOD,2021-08-16 10:50:00+05:30,2021-08-16 15:15:00+05:30,backtest
2021-08-16,CIPLA,SHORT,888.0,888.6,22,901.1,868.35,-92.29,-0.472,EOD,2021-08-16 10:00:00+05:30,2021-08-16 15:15:00+05:30,backtest
2021-08-17,SBILIFE,LONG,1144.1,1132.1,17,1132.1,1162.1,-282.7,-1.453,SL,2021-08-17 10:20:00+05:30,2021-08-17 13:00:00+05:30,backtest
2021-08-17,TITAN,LONG,1854.0,1876.6,10,1829.5,1890.75,148.69,0.802,EOD,2021-08-17 10:40:00+05:30,2021-08-17 15:15:00+05:30,backtest
2021-08-18,INFY,LONG,1749.05,1732.65,11,1727.0,1782.12,-258.7,-1.345,EOD,2021-08-18 10:00:00+05:30,2021-08-18 15:15:00+05:30,backtest
2021-08-20,UPL,SHORT,702.65,698.1,25,725.95,667.7,38.73,0.22,EOD,2021-08-20 10:55:00+05:30,2021-08-20 15:15:00+05:30,backtest
2021-08-20,SUNPHARMA,SHORT,758.95,760.65,26,782.0,724.38,-123.71,-0.627,EOD,2021-08-20 10:50:00+05:30,2021-08-20 15:15:00+05:30,backtest
2021-08-23,BAJAJFINSV,LONG,1527.65,1528.7,13,1508.0,1557.13,-66.08,-0.333,EOD,2021-08-23 11:05:00+05:30,2021-08-23 15:15:00+05:30,backtest
2021-08-23,ONGC,SHORT,99.4,100.55,202,100.55,97.68,-312.69,-1.557,SL,2021-08-23 11:50:00+05:30,2021-08-23 15:00:00+05:30,backtest
2021-08-24,BAJAJFINSV,LONG,1558.5,1607.1,12,1526.1,1607.1,505.21,2.701,TARGET,2021-08-24 10:30:00+05:30,2021-08-24 11:55:00+05:30,backtest
2021-08-24,SBIN,LONG,413.8,417.55,48,408.2,422.2,100.1,0.504,EOD,2021-08-24 10:15:00+05:30,2021-08-24 15:15:00+05:30,backtest
2021-08-25,TCS,LONG,3662.65,3657.95,5,3607.55,3745.3,-100.1,-0.547,EOD,2021-08-25 09:50:00+05:30,2021-08-25 15:15:00+05:30,backtest
2021-08-25,BRITANNIA,LONG,3893.9,3847.7,5,3797.0,4039.25,-309.71,-1.591,EOD,2021-08-25 11:05:00+05:30,2021-08-25 15:15:00+05:30,backtest
2021-08-26,M&M,LONG,780.0,781.0,25,767.25,799.12,-54.03,-0.277,EOD,2021-08-26 11:20:00+05:30,2021-08-26 15:15:00+05:30,backtest
2021-08-26,HCLTECH,LONG,1170.95,1168.0,17,1155.0,1194.88,-129.91,-0.653,EOD,2021-08-26 10:25:00+05:30,2021-08-26 15:15:00+05:30,backtest
2021-08-27,SBILIFE,LONG,1173.65,1180.5,17,1145.3,1216.18,36.43,0.183,EOD,2021-08-27 10:25:00+05:30,2021-08-27 15:15:00+05:30,backtest
2021-08-27,BAJAJ-AUTO,LONG,3627.0,3605.5,5,3589.0,3684.0,-183.66,-1.013,EOD,2021-08-27 10:10:00+05:30,2021-08-27 15:15:00+05:30,backtest
2021-08-30,INFY,SHORT,1701.65,1698.2,11,1718.65,1676.15,-39.45,-0.211,EOD,2021-08-30 11:25:00+05:30,2021-08-30 15:15:00+05:30,backtest
2021-08-30,INDUSINDBK,LONG,1002.65,1004.25,19,991.4,1019.52,-47.73,-0.251,EOD,2021-08-30 10:35:00+05:30,2021-08-30 15:15:00+05:30,backtest
2021-08-31,HINDALCO,LONG,456.75,468.7,43,444.8,474.67,434.06,2.21,EOD,2021-08-31 10:20:00+05:30,2021-08-31 15:15:00+05:30,backtest
2021-08-31,HDFCLIFE,LONG,714.8,718.95,27,708.9,723.65,33.34,0.173,EOD,2021-08-31 11:00:00+05:30,2021-08-31 15:15:00+05:30,backtest
2021-09-01,HDFCLIFE,SHORT,716.25,720.95,28,724.5,703.88,-211.84,-1.056,EOD,2021-09-01 09:50:00+05:30,2021-09-01 15:15:00+05:30,backtest
2021-09-01,CIPLA,LONG,951.0,943.0,21,943.0,963.0,-247.77,-1.241,SL,2021-09-01 11:45:00+05:30,2021-09-01 12:25:00+05:30,backtest
2021-09-02,M&M,SHORT,764.95,751.38,26,774.0,751.38,273.53,1.375,TARGET,2021-09-02 10:10:00+05:30,2021-09-02 14:50:00+05:30,backtest
2021-09-03,JSWSTEEL,LONG,691.7,690.95,29,683.0,704.75,-101.85,-0.508,EOD,2021-09-03 11:50:00+05:30,2021-09-03 15:15:00+05:30,backtest
2021-09-06,ADANIENT,LONG,1537.6,1566.55,13,1518.3,1566.55,296.0,1.481,TARGET,2021-09-06 10:15:00+05:30,2021-09-06 11:00:00+05:30,backtest
2021-09-06,CIPLA,LONG,955.95,950.85,20,942.65,975.9,-180.14,-0.942,EOD,2021-09-06 10:45:00+05:30,2021-09-06 15:15:00+05:30,backtest
2021-09-07,COALINDIA,LONG,137.65,137.05,145,135.5,140.88,-166.83,-0.836,EOD,2021-09-07 09:35:00+05:30,2021-09-07 15:15:00+05:30,backtest
2021-09-07,DIVISLAB,SHORT,5198.95,5212.0,3,5229.5,5153.12,-110.38,-0.708,EOD,2021-09-07 10:55:00+05:30,2021-09-07 15:15:00+05:30,backtest
2021-09-08,UPL,LONG,734.7,731.4,27,716.95,761.33,-168.68,-0.85,EOD,2021-09-08 09:45:00+05:30,2021-09-08 15:15:00+05:30,backtest
2021-09-08,NESTLEIND,LONG,1023.8,1011.5,19,1011.5,1042.25,-312.37,-1.606,SL,2021-09-08 10:05:00+05:30,2021-09-08 10:30:00+05:30,backtest
2021-09-09,COALINDIA,LONG,140.15,137.85,141,137.85,143.6,-403.5,-2.042,SL,2021-09-09 09:55:00+05:30,2021-09-09 12:40:00+05:30,backtest
2021-09-09,EICHERMOT,LONG,2817.4,2815.0,7,2772.0,2885.5,-96.23,-0.488,EOD,2021-09-09 10:15:00+05:30,2021-09-09 15:15:00+05:30,backtest
2021-09-13,ONGC,LONG,111.2,111.25,177,109.45,113.83,-70.52,-0.358,EOD,2021-09-13 09:40:00+05:30,2021-09-13 15:15:00+05:30,backtest
2021-09-13,HINDALCO,LONG,478.1,477.75,41,470.0,490.25,-93.54,-0.477,EOD,2021-09-13 11:25:00+05:30,2021-09-13 15:15:00+05:30,backtest
2021-09-14,ONGC,LONG,113.15,111.8,174,111.0,116.38,-314.04,-1.595,EOD,2021-09-14 11:50:00+05:30,2021-09-14 15:15:00+05:30,backtest
2021-09-14,NTPC,LONG,115.5,115.95,170,114.8,116.55,-2.85,-0.014,EOD,2021-09-14 09:55:00+05:30,2021-09-14 15:15:00+05:30,backtest
2021-09-15,ADANIENT,LONG,1496.8,1469.7,13,1469.7,1537.45,-430.86,-2.214,SL,2021-09-15 10:15:00+05:30,2021-09-15 11:35:00+05:30,backtest
2021-09-15,DIVISLAB,LONG,5128.55,5159.3,3,5090.1,5186.23,21.39,0.139,EOD,2021-09-15 10:30:00+05:30,2021-09-15 15:15:00+05:30,backtest
2021-09-16,ADANIENT,SHORT,1468.2,1458.3,13,1484.7,1443.45,50.66,0.265,EOD,2021-09-16 10:30:00+05:30,2021-09-16 15:15:00+05:30,backtest
2021-09-16,BAJAJ-AUTO,LONG,3722.0,3721.5,5,3692.5,3766.25,-79.72,-0.428,EOD,2021-09-16 09:35:00+05:30,2021-09-16 15:15:00+05:30,backtest
2021-09-17,BAJAJ-AUTO,LONG,3748.0,3781.75,5,3725.5,3781.75,91.1,0.486,TARGET,2021-09-17 10:25:00+05:30,2021-09-17 10:50:00+05:30,backtest
2021-09-17,HINDUNILVR,SHORT,2766.2,2741.07,7,2782.95,2741.07,97.32,0.503,TARGET,2021-09-17 10:25:00+05:30,2021-09-17 15:00:00+05:30,backtest
2021-09-20,BRITANNIA,LONG,4111.0,4089.05,4,4006.3,4268.05,-160.6,-0.977,EOD,2021-09-20 11:20:00+05:30,2021-09-20 15:15:00+05:30,backtest
2021-09-21,NESTLEIND,LONG,1015.0,1009.8,19,1000.1,1037.35,-177.27,-0.919,EOD,2021-09-21 10:00:00+05:30,2021-09-21 15:15:00+05:30,backtest
2021-09-21,BAJAJ-AUTO,SHORT,3614.5,3636.0,5,3700.0,3486.25,-183.75,-1.017,EOD,2021-09-21 10:20:00+05:30,2021-09-21 15:15:00+05:30,backtest
2021-09-22,RELIANCE,LONG,1156.4,1157.3,16,1143.85,1175.23,-62.62,-0.338,EOD,2021-09-22 09:50:00+05:30,2021-09-22 15:15:00+05:30,backtest
2021-09-22,COALINDIA,LONG,150.7,150.8,116,145.7,158.2,-63.37,-0.363,EOD,2021-09-22 11:45:00+05:30,2021-09-22 15:15:00+05:30,backtest
2021-09-23,TITAN,LONG,2095.0,2105.05,9,2076.6,2122.6,12.65,0.067,EOD,2021-09-23 11:10:00+05:30,2021-09-23 15:15:00+05:30,backtest
2021-09-23,INDUSINDBK,LONG,1168.2,1170.1,16,1147.0,1200.0,-47.01,-0.252,EOD,2021-09-23 10:05:00+05:30,2021-09-23 15:15:00+05:30,backtest
2021-09-24,SBILIFE,LONG,1225.05,1224.1,15,1208.6,1249.72,-90.99,-0.495,EOD,2021-09-24 10:40:00+05:30,2021-09-24 15:15:00+05:30,backtest
2021-09-24,M&M,LONG,762.7,773.65,25,755.4,773.65,195.34,1.024,TARGET,2021-09-24 10:30:00+05:30,2021-09-24 11:30:00+05:30,backtest
2021-09-27,UPL,LONG,697.75,696.9,27,689.0,710.88,-100.61,-0.534,EOD,2021-09-27 11:00:00+05:30,2021-09-27 15:15:00+05:30,backtest
2021-09-27,LT,SHORT,1745.55,1738.0,11,1782.75,1689.75,4.73,0.025,EOD,2021-09-27 11:30:00+05:30,2021-09-27 15:15:00+05:30,backtest
2021-09-28,NESTLEIND,SHORT,979.1,976.5,19,985.9,968.9,-27.76,-0.149,EOD,2021-09-28 09:40:00+05:30,2021-09-28 15:15:00+05:30,backtest
2021-09-28,UPL,LONG,701.95,692.8,27,692.8,715.68,-324.71,-1.713,SL,2021-09-28 10:15:00+05:30,2021-09-28 11:55:00+05:30,backtest
2021-09-29,SBILIFE,SHORT,1197.8,1206.7,16,1214.8,1172.3,-220.87,-1.152,EOD,2021-09-29 11:50:00+05:30,2021-09-29 15:15:00+05:30,backtest
2021-09-29,SUNPHARMA,LONG,791.5,809.95,24,779.2,809.95,364.37,1.918,TARGET,2021-09-29 11:40:00+05:30,2021-09-29 12:45:00+05:30,backtest
2021-09-30,SUNPHARMA,LONG,823.35,819.75,23,806.7,848.33,-160.59,-0.848,EOD,2021-09-30 10:35:00+05:30,2021-09-30 15:15:00+05:30,backtest
2021-09-30,ASIANPAINT,SHORT,3276.0,3250.85,5,3336.0,3186.0,53.12,0.324,EOD,2021-09-30 11:35:00+05:30,2021-09-30 15:15:00+05:30,backtest
2021-10-04,CIPLA,SHORT,976.9,958.45,19,994.7,950.2,273.78,1.475,EOD,2021-10-04 11:25:00+05:30,2021-10-04 15:15:00+05:30,backtest
2021-10-05,JSWSTEEL,LONG,689.15,678.4,28,678.4,705.27,-379.29,-1.966,SL,2021-10-05 10:50:00+05:30,2021-10-05 15:05:00+05:30,backtest
2021-10-05,POWERGRID,LONG,142.65,139.25,136,139.25,147.75,-540.74,-2.787,SL,2021-10-05 09:35:00+05:30,2021-10-05 15:05:00+05:30,backtest
2021-10-06,BRITANNIA,LONG,3959.75,3945.8,4,3882.35,4075.85,-127.42,-0.804,EOD,2021-10-06 09:50:00+05:30,2021-10-06 15:15:00+05:30,backtest
2021-10-07,HEROMOTOCO,LONG,2686.75,2675.15,7,2643.65,2751.4,-158.73,-0.844,EOD,2021-10-07 10:15:00+05:30,2021-10-07 15:15:00+05:30,backtest
2021-10-07,ITC,LONG,198.95,197.6,96,196.8,202.17,-207.67,-1.087,EOD,2021-10-07 10:10:00+05:30,2021-10-07 15:15:00+05:30,backtest
2021-10-08,BAJAJFINSV,LONG,1772.7,1754.9,10,1747.5,1810.5,-253.28,-1.429,EOD,2021-10-08 10:25:00+05:30,2021-10-08 15:15:00+05:30,backtest
2021-10-08,BRITANNIA,SHORT,3892.95,3885.6,4,3929.0,3838.87,-41.71,-0.268,EOD,2021-10-08 10:00:00+05:30,2021-10-08 15:15:00+05:30,backtest
2021-10-11,BHARTIARTL,SHORT,687.15,690.0,27,696.05,673.8,-154.13,-0.831,EOD,2021-10-11 10:05:00+05:30,2021-10-11 15:15:00+05:30,backtest
2021-10-11,ICICIBANK,LONG,709.95,715.05,26,700.85,723.6,55.55,0.301,EOD,2021-10-11 09:50:00+05:30,2021-10-11 15:15:00+05:30,backtest
2021-10-12,HEROMOTOCO,LONG,2740.25,2748.45,6,2688.4,2818.02,-23.73,-0.144,EOD,2021-10-12 09:45:00+05:30,2021-10-12 15:15:00+05:30,backtest
2021-10-12,BAJAJFINSV,LONG,1804.4,1820.4,10,1763.1,1866.35,83.75,0.464,EOD,2021-10-12 10:55:00+05:30,2021-10-12 15:15:00+05:30,backtest
2021-10-13,NTPC,LONG,146.55,146.5,129,144.95,148.95,-84.25,-0.446,EOD,2021-10-13 11:25:00+05:30,2021-10-13 15:15:00+05:30,backtest
2021-10-13,ITC,LONG,206.1,204.25,92,204.25,208.88,-247.95,-1.308,SL,2021-10-13 11:00:00+05:30,2021-10-13 13:00:00+05:30,backtest
2021-10-14,DIVISLAB,LONG,5317.0,5374.0,3,5226.2,5453.2,98.93,0.62,EOD,2021-10-14 10:00:00+05:30,2021-10-14 15:15:00+05:30,backtest
2021-10-14,UPL,LONG,725.9,717.9,26,716.6,739.85,-285.54,-1.513,EOD,2021-10-14 10:10:00+05:30,2021-10-14 15:15:00+05:30,backtest
2021-10-18,BAJAJFINSV,LONG,1898.0,1865.0,9,1857.5,1958.75,-370.87,-2.171,EOD,2021-10-18 10:40:00+05:30,2021-10-18 15:15:00+05:30,backtest
2021-10-18,GRASIM,LONG,1782.85,1745.05,10,1739.15,1848.4,-453.28,-2.542,EOD,2021-10-18 09:35:00+05:30,2021-10-18 15:15:00+05:30,backtest
2021-10-19,HEROMOTOCO,SHORT,2723.25,2706.5,6,2760.75,2667.0,27.92,0.171,EOD,2021-10-19 10:00:00+05:30,2021-10-19 15:15:00+05:30,backtest
2021-10-19,INFY,LONG,1826.0,1820.25,10,1782.45,1891.32,-133.96,-0.734,EOD,2021-10-19 11:50:00+05:30,2021-10-19 15:15:00+05:30,backtest
2021-10-20,GRASIM,LONG,1715.15,1692.6,10,1692.6,1748.98,-299.58,-1.747,SL,2021-10-20 09:45:00+05:30,2021-10-20 11:05:00+05:30,backtest
2021-10-20,INDUSINDBK,LONG,1206.4,1201.55,15,1172.45,1257.33,-148.87,-0.823,EOD,2021-10-20 10:00:00+05:30,2021-10-20 15:15:00+05:30,backtest
2021-10-21,EICHERMOT,LONG,2693.85,2655.3,6,2655.3,2751.67,-303.39,-1.877,SL,2021-10-21 09:50:00+05:30,2021-10-21 10:20:00+05:30,backtest
2021-10-21,HDFCLIFE,LONG,710.1,704.6,26,704.6,718.35,-219.78,-1.19,SL,2021-10-21 09:40:00+05:30,2021-10-21 10:45:00+05:30,backtest
2021-10-22,ICICIBANK,LONG,765.0,759.65,24,754.6,780.6,-204.99,-1.117,EOD,2021-10-22 11:50:00+05:30,2021-10-22 15:15:00+05:30,backtest
2021-10-22,BAJFINANCE,LONG,782.5,770.0,23,770.0,801.25,-363.21,-2.018,SL,2021-10-22 09:35:00+05:30,2021-10-22 13:15:00+05:30,backtest
2021-10-25,SBIN,LONG,511.25,505.85,35,502.1,524.97,-264.6,-1.479,EOD,2021-10-25 10:50:00+05:30,2021-10-25 15:15:00+05:30,backtest
2021-10-25,GRASIM,SHORT,1671.05,1703.6,10,1711.5,1610.38,-399.25,-2.389,EOD,2021-10-25 09:40:00+05:30,2021-10-25 15:15:00+05:30,backtest
2021-10-26,HCLTECH,SHORT,1158.45,1163.1,15,1181.95,1123.2,-144.57,-0.832,EOD,2021-10-26 10:45:00+05:30,2021-10-26 15:15:00+05:30,backtest
2021-10-26,GRASIM,LONG,1744.9,1733.85,10,1698.25,1814.88,-185.29,-1.062,EOD,2021-10-26 11:35:00+05:30,2021-10-26 15:15:00+05:30,backtest
2021-10-27,BHARTIARTL,LONG,711.7,703.1,25,694.35,737.73,-290.37,-1.632,EOD,2021-10-27 11:35:00+05:30,2021-10-27 15:15:00+05:30,backtest
2021-10-27,M&M,SHORT,891.05,887.8,20,903.8,871.92,-10.58,-0.059,EOD,2021-10-27 11:20:00+05:30,2021-10-27 15:15:00+05:30,backtest
2021-10-29,GRASIM,LONG,1707.2,1707.6,10,1668.8,1764.8,-70.15,-0.411,EOD,2021-10-29 10:35:00+05:30,2021-10-29 15:15:00+05:30,backtest
2021-11-01,INDUSINDBK,LONG,1182.25,1227.5,15,1146.7,1235.57,602.6,3.398,EOD,2021-11-01 10:25:00+05:30,2021-11-01 15:15:00+05:30,backtest
2021-11-01,JSWSTEEL,LONG,682.5,689.55,26,672.5,697.5,107.63,0.607,EOD,2021-11-01 09:35:00+05:30,2021-11-01 15:15:00+05:30,backtest
2021-11-02,BRITANNIA,LONG,3701.5,3684.95,4,3668.2,3751.45,-135.75,-0.917,EOD,2021-11-02 09:40:00+05:30,2021-11-02 15:15:00+05:30,backtest
2021-11-03,RELIANCE,SHORT,1188.2,1182.8,15,1201.0,1169.0,5.44,0.03,EOD,2021-11-03 11:30:00+05:30,2021-11-03 15:15:00+05:30,backtest
2021-11-03,M&M,SHORT,860.3,845.9,20,869.9,845.9,213.88,1.243,TARGET,2021-11-03 10:20:00+05:30,2021-11-03 14:25:00+05:30,backtest
2021-11-08,BAJAJFINSV,LONG,1799.0,1831.25,10,1752.0,1869.5,246.2,1.369,EOD,2021-11-08 10:45:00+05:30,2021-11-08 15:15:00+05:30,backtest
2021-11-08,GRASIM,LONG,1812.2,1842.3,9,1772.45,1871.83,198.01,1.214,EOD,2021-11-08 09:35:00+05:30,2021-11-08 15:15:00+05:30,backtest
2021-11-09,SBIN,LONG,530.0,528.8,34,522.5,541.25,-116.8,-0.648,EOD,2021-11-09 11:20:00+05:30,2021-11-09 15:15:00+05:30,backtest
2021-11-10,COALINDIA,SHORT,155.95,155.25,116,159.0,151.37,5.1,0.028,EOD,2021-11-10 09:35:00+05:30,2021-11-10 15:15:00+05:30,backtest
2021-11-11,GRASIM,LONG,1880.1,1848.1,9,1848.1,1928.1,-361.55,-2.137,SL,2021-11-11 10:05:00+05:30,2021-11-11 11:35:00+05:30,backtest
2021-11-12,ADANIENT,LONG,1657.6,1650.5,10,1619.1,1715.35,-144.08,-0.869,EOD,2021-11-12 10:55:00+05:30,2021-11-12 15:15:00+05:30,backtest
2021-11-12,HINDUNILVR,LONG,2391.35,2402.4,7,2376.2,2414.07,3.79,0.023,EOD,2021-11-12 10:55:00+05:30,2021-11-12 15:15:00+05:30,backtest
2021-11-15,LT,SHORT,1958.0,1944.1,9,1974.5,1933.25,49.98,0.284,EOD,2021-11-15 10:20:00+05:30,2021-11-15 15:15:00+05:30,backtest
2021-11-15,BRITANNIA,LONG,3715.0,3744.7,4,3674.0,3776.5,48.96,0.329,EOD,2021-11-15 09:50:00+05:30,2021-11-15 15:15:00+05:30,backtest
2021-11-16,HCLTECH,SHORT,1166.05,1162.8,15,1175.15,1152.4,-26.18,-0.15,EOD,2021-11-16 10:05:00+05:30,2021-11-16 15:15:00+05:30,backtest
2021-11-16,HDFCBANK,SHORT,772.1,773.9,23,778.5,762.5,-116.96,-0.659,EOD,2021-11-16 09:45:00+05:30,2021-11-16 15:15:00+05:30,backtest
2021-11-17,AXISBANK,LONG,722.05,715.6,24,715.6,731.72,-229.3,-1.323,SL,2021-11-17 09:40:00+05:30,2021-11-17 09:45:00+05:30,backtest
2021-11-17,NESTLEIND,LONG,976.5,974.8,18,968.2,988.95,-105.72,-0.601,EOD,2021-11-17 09:35:00+05:30,2021-11-17 15:15:00+05:30,backtest
2021-11-18,INFY,SHORT,1771.15,1781.55,10,1789.45,1743.7,-179.53,-1.014,EOD,2021-11-18 10:15:00+05:30,2021-11-18 15:15:00+05:30,backtest
2021-11-18,HINDUNILVR,SHORT,2377.9,2395.5,7,2395.5,2351.5,-196.61,-1.181,SL,2021-11-18 11:10:00+05:30,2021-11-18 14:10:00+05:30,backtest
2021-11-22,POWERGRID,LONG,143.55,142.0,124,140.5,148.13,-267.61,-1.503,EOD,2021-11-22 09:45:00+05:30,2021-11-22 15:15:00+05:30,backtest
2021-11-23,HCLTECH,LONG,1110.7,1112.0,16,1090.0,1141.75,-54.76,-0.308,EOD,2021-11-23 09:50:00+05:30,2021-11-23 15:15:00+05:30,backtest
2021-11-23,NTPC,LONG,131.3,133.75,135,129.25,134.38,254.97,1.438,EOD,2021-11-23 11:30:00+05:30,2021-11-23 15:15:00+05:30,backtest
2021-11-24,HCLTECH,LONG,1125.0,1119.45,15,1112.95,1143.07,-156.92,-0.93,EOD,2021-11-24 10:20:00+05:30,2021-11-24 15:15:00+05:30,backtest
2021-11-24,INDUSINDBK,LONG,992.35,980.15,17,980.15,1010.65,-280.93,-1.665,SL,2021-11-24 10:30:00+05:30,2021-11-24 13:50:00+05:30,backtest
2021-11-26,NTPC,SHORT,130.8,128.95,135,133.9,126.15,174.68,0.989,EOD,2021-11-26 11:10:00+05:30,2021-11-26 15:15:00+05:30,backtest
2021-11-26,HDFCBANK,SHORT,748.6,746.1,23,753.1,741.85,-16.88,-0.098,EOD,2021-11-26 09:50:00+05:30,2021-11-26 15:15:00+05:30,backtest
2021-11-30,LT,SHORT,1761.65,1766.95,10,1786.8,1723.93,-128.29,-0.728,EOD,2021-11-30 11:50:00+05:30,2021-11-30 15:15:00+05:30,backtest
2021-11-30,HEROMOTOCO,SHORT,2292.5,2290.55,7,2336.2,2226.95,-58.43,-0.364,EOD,2021-11-30 11:40:00+05:30,2021-11-30 15:15:00+05:30,backtest
2021-12-01,TITAN,SHORT,2383.05,2359.7,7,2441.2,2295.83,90.25,0.541,EOD,2021-12-01 09:55:00+05:30,2021-12-01 15:15:00+05:30,backtest
2021-12-01,NESTLEIND,LONG,970.7,969.4,18,958.2,989.45,-98.32,-0.563,EOD,2021-12-01 11:00:00+05:30,2021-12-01 15:15:00+05:30,backtest
2021-12-02,NESTLEIND,LONG,980.3,975.5,18,961.4,1008.65,-161.6,-0.916,EOD,2021-12-02 10:00:00+05:30,2021-12-02 15:15:00+05:30,backtest
2021-12-06,JSWSTEEL,LONG,651.7,641.5,27,641.5,667.0,-350.32,-1.991,SL,2021-12-06 09:35:00+05:30,2021-12-06 14:15:00+05:30,backtest
2021-12-06,GRASIM,SHORT,1683.05,1652.9,10,1708.1,1645.47,228.14,1.356,EOD,2021-12-06 11:25:00+05:30,2021-12-06 15:15:00+05:30,backtest
2021-12-07,HDFCBANK,LONG,763.6,762.4,23,755.0,776.5,-102.7,-0.585,EOD,2021-12-07 11:35:00+05:30,2021-12-07 15:15:00+05:30,backtest
2021-12-07,BAJAJ-AUTO,LONG,3215.5,3206.5,5,3180.5,3268.0,-117.11,-0.728,EOD,2021-12-07 11:05:00+05:30,2021-12-07 15:15:00+05:30,backtest
2021-12-08,SBILIFE,LONG,1167.0,1160.0,15,1160.0,1177.5,-179.91,-1.028,SL,2021-12-08 09:45:00+05:30,2021-12-08 10:20:00+05:30,backtest
2021-12-09,ADANIPORTS,LONG,774.35,770.4,22,760.0,795.88,-160.88,-0.944,EOD,2021-12-09 11:00:00+05:30,2021-12-09 15:15:00+05:30,backtest
2021-12-09,KOTAKBANK,SHORT,378.6,382.8,46,387.3,365.55,-268.22,-1.54,EOD,2021-12-09 10:15:00+05:30,2021-12-09 15:15:00+05:30,backtest
2021-12-10,BRITANNIA,LONG,3629.15,3635.9,4,3604.4,3666.28,-42.06,-0.29,EOD,2021-12-10 11:15:00+05:30,2021-12-10 15:15:00+05:30,backtest
2021-12-13,TECHM,LONG,1583.1,1579.5,11,1541.3,1645.8,-114.39,-0.657,EOD,2021-12-13 09:45:00+05:30,2021-12-13 15:15:00+05:30,backtest
2021-12-13,BRITANNIA,SHORT,3625.05,3594.95,4,3658.35,3575.1,51.52,0.355,EOD,2021-12-13 10:00:00+05:30,2021-12-13 15:15:00+05:30,backtest
2021-12-14,BHARTIARTL,SHORT,697.0,691.35,24,706.1,683.35,62.28,0.372,EOD,2021-12-14 10:35:00+05:30,2021-12-14 15:15:00+05:30,backtest
2021-12-15,JSWSTEEL,SHORT,666.95,658.5,26,674.8,655.18,145.24,0.838,EOD,2021-12-15 10:30:00+05:30,2021-12-15 15:15:00+05:30,backtest
2021-12-15,ADANIPORTS,SHORT,749.9,746.15,23,766.5,725.0,11.84,0.069,EOD,2021-12-15 10:50:00+05:30,2021-12-15 15:15:00+05:30,backtest
2021-12-16,DIVISLAB,SHORT,4593.55,4604.95,3,4637.4,4527.78,-101.8,-0.739,EOD,2021-12-16 09:45:00+05:30,2021-12-16 15:15:00+05:30,backtest
2021-12-16,GRASIM,LONG,1731.5,1712.8,10,1695.15,1786.02,-261.44,-1.51,EOD,2021-12-16 10:25:00+05:30,2021-12-16 15:15:00+05:30,backtest
2021-12-17,UPL,SHORT,691.2,686.5,25,702.3,674.55,43.06,0.249,EOD,2021-12-17 09:45:00+05:30,2021-12-17 15:15:00+05:30,backtest
2021-12-17,NESTLEIND,SHORT,953.8,955.8,18,960.9,943.15,-110.37,-0.643,EOD,2021-12-17 10:50:00+05:30,2021-12-17 15:15:00+05:30,backtest
2021-12-20,SUNPHARMA,LONG,773.0,763.45,22,763.45,787.32,-283.9,-1.669,SL,2021-12-20 09:50:00+05:30,2021-12-20 10:20:00+05:30,backtest
2021-12-21,POWERGRID,SHORT,153.4,150.7,112,155.2,150.7,228.34,1.329,TARGET,2021-12-21 09:45:00+05:30,2021-12-21 12:10:00+05:30,backtest
2021-12-22,TECHM,LONG,1597.2,1601.0,10,1575.2,1630.2,-33.98,-0.213,EOD,2021-12-22 11:30:00+05:30,2021-12-22 15:15:00+05:30,backtest
2021-12-23,GRASIM,LONG,1654.6,1651.65,10,1631.05,1689.92,-102.56,-0.62,EOD,2021-12-23 09:35:00+05:30,2021-12-23 15:15:00+05:30,backtest
2021-12-23,DRREDDY,LONG,939.15,939.15,18,931.0,951.38,-73.81,-0.437,EOD,2021-12-23 09:40:00+05:30,2021-12-23 15:15:00+05:30,backtest
2021-12-24,GRASIM,SHORT,1604.0,1605.35,9,1661.4,1517.9,-81.03,-0.561,EOD,2021-12-24 10:35:00+05:30,2021-12-24 15:15:00+05:30,backtest
2021-12-24,EICHERMOT,SHORT,2442.5,2437.8,7,2497.6,2359.85,-41.26,-0.241,EOD,2021-12-24 10:00:00+05:30,2021-12-24 15:15:00+05:30,backtest
2021-12-27,UPL,LONG,719.6,724.1,23,710.1,733.85,30.29,0.183,EOD,2021-12-27 11:25:00+05:30,2021-12-27 15:15:00+05:30,backtest
2021-12-27,TCS,LONG,3682.95,3697.0,4,3653.1,3727.72,-13.32,-0.09,EOD,2021-12-27 11:10:00+05:30,2021-12-27 15:15:00+05:30,backtest
2021-12-28,SUNPHARMA,LONG,805.0,812.0,21,794.2,821.2,73.04,0.432,EOD,2021-12-28 10:00:00+05:30,2021-12-28 15:15:00+05:30,backtest
2021-12-28,TITAN,LONG,2370.35,2379.0,7,2328.2,2433.57,-12.7,-0.077,EOD,2021-12-28 11:35:00+05:30,2021-12-28 15:15:00+05:30,backtest
2021-12-29,DIVISLAB,LONG,4605.5,4619.8,3,4517.25,4737.88,-24.78,-0.179,EOD,2021-12-29 10:50:00+05:30,2021-12-29 15:15:00+05:30,backtest
2021-12-29,ADANIPORTS,SHORT,720.3,723.0,23,731.0,704.25,-135.3,-0.817,EOD,2021-12-29 10:55:00+05:30,2021-12-29 15:15:00+05:30,backtest
2021-12-30,LT,LONG,1900.1,1886.45,9,1882.7,1926.2,-196.93,-1.152,EOD,2021-12-30 10:20:00+05:30,2021-12-30 15:15:00+05:30,backtest
2021-12-30,SUNPHARMA,LONG,840.65,835.1,20,827.45,860.45,-184.51,-1.097,EOD,2021-12-30 10:15:00+05:30,2021-12-30 15:15:00+05:30,backtest
2021-12-31,ITC,LONG,184.7,184.8,92,183.1,187.1,-64.79,-0.381,EOD,2021-12-31 09:40:00+05:30,2021-12-31 15:15:00+05:30,backtest
2021-12-31,APOLLOHOSP,LONG,5031.7,5008.2,3,4953.05,5149.67,-140.62,-0.932,EOD,2021-12-31 10:10:00+05:30,2021-12-31 15:15:00+05:30,backtest
2022-01-03,DRREDDY,SHORT,975.55,970.0,17,986.05,959.8,21.28,0.128,EOD,2022-01-03 10:25:00+05:30,2022-01-03 15:15:00+05:30,backtest
2022-01-03,AXISBANK,LONG,689.6,696.1,24,679.0,705.5,82.74,0.5,EOD,2022-01-03 10:25:00+05:30,2022-01-03 15:15:00+05:30,backtest
2022-01-04,HINDUNILVR,LONG,2388.85,2403.2,7,2362.35,2428.6,26.91,0.161,EOD,2022-01-04 11:30:00+05:30,2022-01-04 15:15:00+05:30,backtest
2022-01-05,ASIANPAINT,LONG,3515.4,3529.95,4,3455.4,3605.4,-9.98,-0.071,EOD,2022-01-05 09:55:00+05:30,2022-01-05 15:15:00+05:30,backtest
2022-01-05,ITC,LONG,187.2,187.0,91,185.5,189.75,-92.25,-0.542,EOD,2022-01-05 10:05:00+05:30,2022-01-05 15:15:00+05:30,backtest
2022-01-07,HDFCLIFE,LONG,652.05,659.25,26,646.0,661.12,113.11,0.667,EOD,2022-01-07 10:00:00+05:30,2022-01-07 15:15:00+05:30,backtest
2022-01-07,M&M,LONG,848.3,838.25,20,838.25,863.37,-274.73,-1.619,SL,2022-01-07 09:45:00+05:30,2022-01-07 10:55:00+05:30,backtest
2022-01-10,RELIANCE,SHORT,1152.4,1162.1,14,1171.0,1124.5,-208.2,-1.29,EOD,2022-01-10 11:55:00+05:30,2022-01-10 15:15:00+05:30,backtest
2022-01-10,BRITANNIA,LONG,3755.15,3769.45,4,3727.9,3796.03,-12.9,-0.086,EOD,2022-01-10 09:45:00+05:30,2022-01-10 15:15:00+05:30,backtest
2022-01-11,SUNPHARMA,LONG,839.65,832.45,20,828.3,856.67,-217.44,-1.295,EOD,2022-01-11 10:00:00+05:30,2022-01-11 15:15:00+05:30,backtest
2022-01-11,DIVISLAB,LONG,4528.8,4521.0,3,4434.25,4670.62,-90.55,-0.666,EOD,2022-01-11 11:15:00+05:30,2022-01-11 15:15:00+05:30,backtest
2022-01-12,BAJAJFINSV,LONG,1800.75,1791.7,9,1776.0,1837.88,-153.78,-0.949,EOD,2022-01-12 10:15:00+05:30,2022-01-12 15:15:00+05:30,backtest
2022-01-12,M&M,LONG,848.55,854.17,19,844.8,854.17,34.52,0.214,TARGET,2022-01-12 11:00:00+05:30,2022-01-12 11:15:00+05:30,backtest
2022-01-13,M&M,LONG,887.25,896.6,19,872.2,909.82,103.76,0.615,EOD,2022-01-13 10:40:00+05:30,2022-01-13 15:15:00+05:30,backtest
2022-01-13,DIVISLAB,LONG,4536.65,4588.6,3,4466.0,4642.62,88.47,0.65,EOD,2022-01-13 10:30:00+05:30,2022-01-13 15:15:00+05:30,backtest
2022-01-14,DIVISLAB,LONG,4625.05,4611.5,3,4559.0,4724.12,-108.36,-0.781,EOD,2022-01-14 11:15:00+05:30,2022-01-14 15:15:00+05:30,backtest
2022-01-14,SBILIFE,LONG,1270.0,1266.0,13,1254.5,1293.25,-124.97,-0.757,EOD,2022-01-14 10:55:00+05:30,2022-01-14 15:15:00+05:30,backtest
2022-01-17,BAJAJFINSV,LONG,1838.4,1838.1,9,1822.15,1862.78,-75.79,-0.458,EOD,2022-01-17 09:40:00+05:30,2022-01-17 15:15:00+05:30,backtest
2022-01-17,DIVISLAB,LONG,4643.0,4628.0,3,4562.0,4764.5,-112.81,-0.81,EOD,2022-01-17 11:00:00+05:30,2022-01-17 15:15:00+05:30,backtest
2022-01-18,BRITANNIA,SHORT,3650.0,3625.0,4,3694.7,3582.95,30.9,0.212,EOD,2022-01-18 10:15:00+05:30,2022-01-18 15:15:00+05:30,backtest
2022-01-18,AXISBANK,LONG,727.75,725.45,23,714.3,747.93,-126.32,-0.755,EOD,2022-01-18 10:50:00+05:30,2022-01-18 15:15:00+05:30,backtest
2022-01-19,HINDALCO,LONG,500.7,505.25,33,490.3,516.3,76.95,0.466,EOD,2022-01-19 09:50:00+05:30,2022-01-19 15:15:00+05:30,backtest
2022-01-19,ICICIBANK,SHORT,813.4,818.9,20,818.9,805.15,-182.65,-1.123,SL,2022-01-19 09:40:00+05:30,2022-01-19 09:55:00+05:30,backtest
2022-01-20,LT,SHORT,2003.5,2004.5,8,2034.65,1956.77,-80.06,-0.5,EOD,2022-01-20 11:00:00+05:30,2022-01-20 15:15:00+05:30,backtest
2022-01-20,ITC,SHORT,186.4,185.3,90,187.85,184.23,25.55,0.152,EOD,2022-01-20 11:40:00+05:30,2022-01-20 15:15:00+05:30,backtest
2022-01-21,BHARTIARTL,SHORT,697.8,696.2,24,714.0,673.5,-35.06,-0.209,EOD,2022-01-21 10:15:00+05:30,2022-01-21 15:15:00+05:30,backtest
2022-01-21,BAJAJ-AUTO,LONG,3334.5,3347.5,3,3189.0,3552.75,-21.05,-0.21,EOD,2022-01-21 11:05:00+05:30,2022-01-21 15:15:00+05:30,backtest
2022-01-25,SUNPHARMA,LONG,804.45,809.05,20,784.9,833.78,19.73,0.123,EOD,2022-01-25 11:40:00+05:30,2022-01-25 15:15:00+05:30,backtest
2022-01-25,BAJAJ-AUTO,LONG,3341.0,3384.0,5,3246.5,3482.75,141.38,0.846,EOD,2022-01-25 09:55:00+05:30,2022-01-25 15:15:00+05:30,backtest
2022-01-27,CIPLA,LONG,920.45,927.85,15,887.05,970.55,43.28,0.313,EOD,2022-01-27 09:40:00+05:30,2022-01-27 15:15:00+05:30,backtest
2022-01-28,BAJFINANCE,LONG,701.0,687.5,23,687.5,721.25,-382.44,-2.372,SL,2022-01-28 09:40:00+05:30,2022-01-28 14:15:00+05:30,backtest
2022-01-28,BAJAJ-AUTO,LONG,3452.0,3405.0,4,3405.0,3522.5,-255.43,-1.85,SL,2022-01-28 09:35:00+05:30,2022-01-28 14:15:00+05:30,backtest
2022-01-31,HDFCLIFE,SHORT,617.0,626.6,26,626.6,602.6,-321.93,-2.007,SL,2022-01-31 11:40:00+05:30,2022-01-31 13:10:00+05:30,backtest
2022-01-31,UPL,SHORT,763.7,743.75,21,777.0,743.75,347.29,2.165,TARGET,2022-01-31 11:00:00+05:30,2022-01-31 15:05:00+05:30,backtest
2022-02-01,TATASTEEL,LONG,105.93,110.78,154,102.7,110.78,672.76,4.124,TARGET,2022-02-01 10:50:00+05:30,2022-02-01 14:40:00+05:30,backtest
2022-02-01,HINDALCO,LONG,500.0,510.55,33,488.15,517.78,274.8,1.665,EOD,2022-02-01 10:05:00+05:30,2022-02-01 15:15:00+05:30,backtest
2022-02-02,ADANIENT,LONG,1715.6,1727.1,9,1693.7,1748.45,32.52,0.211,EOD,2022-02-02 11:00:00+05:30,2022-02-02 15:15:00+05:30,backtest
2022-02-02,DRREDDY,LONG,872.6,882.0,19,863.05,886.93,105.26,0.635,EOD,2022-02-02 09:45:00+05:30,2022-02-02 15:15:00+05:30,backtest
2022-02-03,HEROMOTOCO,LONG,2573.75,2619.35,6,2521.85,2651.6,202.44,1.311,EOD,2022-02-03 09:50:00+05:30,2022-02-03 15:15:00+05:30,backtest
2022-02-03,UPL,SHORT,747.5,743.35,22,758.75,730.62,18.5,0.113,EOD,2022-02-03 11:00:00+05:30,2022-02-03 15:15:00+05:30,backtest
2022-02-04,APOLLOHOSP,LONG,4711.65,4690.0,3,4601.75,4876.5,-133.15,-0.942,EOD,2022-02-04 10:05:00+05:30,2022-02-04 15:15:00+05:30,backtest
2022-02-04,DIVISLAB,LONG,4356.95,4297.0,3,4232.45,4543.7,-245.81,-1.881,EOD,2022-02-04 11:00:00+05:30,2022-02-04 15:15:00+05:30,backtest
2022-02-07,LT,SHORT,1905.0,1889.75,8,1947.5,1841.25,51.64,0.339,EOD,2022-02-07 10:50:00+05:30,2022-02-07 15:15:00+05:30,backtest
2022-02-07,HDFCLIFE,SHORT,605.7,603.15,27,623.7,578.7,-3.79,-0.023,EOD,2022-02-07 11:25:00+05:30,2022-02-07 15:15:00+05:30,backtest
2022-02-08,ADANIENT,SHORT,1661.8,1663.7,10,1693.7,1613.95,-92.26,-0.555,EOD,2022-02-08 10:15:00+05:30,2022-02-08 15:15:00+05:30,backtest
2022-02-08,BRITANNIA,LONG,3470.35,3481.0,4,3420.9,3544.52,-25.21,-0.182,EOD,2022-02-08 11:50:00+05:30,2022-02-08 15:15:00+05:30,backtest
2022-02-09,SBILIFE,SHORT,1121.85,1125.2,15,1138.7,1096.57,-123.96,-0.737,EOD,2022-02-09 10:50:00+05:30,2022-02-09 15:15:00+05:30,backtest
2022-02-09,BRITANNIA,LONG,3521.0,3519.05,4,3473.45,3592.33,-75.96,-0.539,EOD,2022-02-09 10:20:00+05:30,2022-02-09 15:15:00+05:30,backtest
2022-02-10,SBIN,LONG,540.3,540.25,31,534.45,549.07,-75.05,-0.448,EOD,2022-02-10 10:05:00+05:30,2022-02-10 15:15:00+05:30,backtest
2022-02-10,CIPLA,LONG,973.05,975.9,17,963.0,988.12,-24.68,-0.149,EOD,2022-02-10 10:10:00+05:30,2022-02-10 15:15:00+05:30,backtest
2022-02-11,BRITANNIA,SHORT,3451.4,3484.7,4,3509.35,3364.48,-200.94,-1.456,EOD,2022-02-11 10:15:00+05:30,2022-02-11 15:15:00+05:30,backtest
2022-02-11,BAJAJ-AUTO,LONG,3472.0,3477.0,4,3425.5,3541.75,-47.8,-0.344,EOD,2022-02-11 11:15:00+05:30,2022-02-11 15:15:00+05:30,backtest
2022-02-15,HEROMOTOCO,LONG,2575.4,2612.95,4,2468.8,2735.3,89.45,0.868,EOD,2022-02-15 11:15:00+05:30,2022-02-15 15:15:00+05:30,backtest
2022-02-16,SUNPHARMA,SHORT,870.9,868.65,19,881.15,855.52,-30.3,-0.183,EOD,2022-02-16 11:35:00+05:30,2022-02-16 15:15:00+05:30,backtest
2022-02-16,DIVISLAB,LONG,4377.0,4473.6,3,4312.6,4473.6,223.25,1.7,TARGET,2022-02-16 09:45:00+05:30,2022-02-16 13:25:00+05:30,backtest
2022-02-17,AXISBANK,SHORT,782.25,781.6,21,802.0,752.62,-59.19,-0.36,EOD,2022-02-17 10:25:00+05:30,2022-02-17 15:15:00+05:30,backtest
2022-02-17,KOTAKBANK,SHORT,364.8,363.1,46,368.8,358.8,4.72,0.028,EOD,2022-02-17 09:40:00+05:30,2022-02-17 15:15:00+05:30,backtest
2022-02-18,POWERGRID,LONG,145.45,143.05,115,143.05,149.05,-349.18,-2.088,SL,2022-02-18 09:55:00+05:30,2022-02-18 15:10:00+05:30,backtest
2022-02-18,DIVISLAB,SHORT,4342.05,4354.35,3,4441.5,4192.88,-102.99,-0.791,EOD,2022-02-18 11:00:00+05:30,2022-02-18 15:15:00+05:30,backtest
2022-02-21,M&M,SHORT,834.0,849.45,19,849.45,810.82,-365.54,-2.307,SL,2022-02-21 10:30:00+05:30,2022-02-21 13:00:00+05:30,backtest
2022-02-21,BHARTIARTL,LONG,713.5,709.4,23,704.55,726.93,-167.03,-1.018,EOD,2022-02-21 11:30:00+05:30,2022-02-21 15:15:00+05:30,backtest
2022-02-22,BHARTIARTL,SHORT,691.75,700.55,23,702.35,675.85,-274.42,-1.725,EOD,2022-02-22 09:50:00+05:30,2022-02-22 15:15:00+05:30,backtest
2022-02-23,ITC,LONG,183.9,182.95,89,182.75,185.62,-157.2,-0.96,EOD,2022-02-23 11:45:00+05:30,2022-02-23 15:15:00+05:30,backtest
2022-02-23,AXISBANK,SHORT,772.45,776.2,21,785.5,752.88,-151.27,-0.933,EOD,2022-02-23 10:10:00+05:30,2022-02-23 15:15:00+05:30,backtest
2022-02-24,SBIN,SHORT,474.25,472.55,34,487.6,454.22,-14.39,-0.089,EOD,2022-02-24 09:45:00+05:30,2022-02-24 15:15:00+05:30,backtest
2022-02-24,M&M,SHORT,817.4,796.25,20,831.5,796.25,350.73,2.145,TARGET,2022-02-24 10:00:00+05:30,2022-02-24 15:00:00+05:30,backtest
2022-02-28,TECHM,LONG,1349.3,1358.2,12,1311.3,1406.3,34.31,0.212,EOD,2022-02-28 10:45:00+05:30,2022-02-28 15:15:00+05:30,backtest
2022-03-02,HDFCLIFE,LONG,519.5,533.22,31,510.35,533.22,352.84,2.191,TARGET,2022-03-02 10:25:00+05:30,2022-03-02 10:55:00+05:30,backtest
2022-03-03,CIPLA,LONG,930.1,935.45,17,919.55,945.93,19.24,0.122,EOD,2022-03-03 09:45:00+05:30,2022-03-03 15:15:00+05:30,backtest
2022-03-03,HINDUNILVR,SHORT,2119.95,2089.8,7,2167.95,2047.95,141.58,0.954,EOD,2022-03-03 11:25:00+05:30,2022-03-03 15:15:00+05:30,backtest
2022-03-04,HCLTECH,LONG,1143.9,1136.6,14,1122.65,1175.78,-174.13,-1.087,EOD,2022-03-04 11:40:00+05:30,2022-03-04 15:15:00+05:30,backtest
2022-03-04,TECHM,LONG,1386.6,1398.4,11,1346.4,1446.9,59.17,0.388,EOD,2022-03-04 11:25:00+05:30,2022-03-04 15:15:00+05:30,backtest
2022-03-07,SBILIFE,SHORT,1026.15,1039.9,16,1039.9,1005.53,-293.06,-1.785,SL,2022-03-07 09:40:00+05:30,2022-03-07 11:20:00+05:30,backtest
2022-03-07,INDUSINDBK,SHORT,862.35,835.0,15,894.65,813.9,344.79,2.666,EOD,2022-03-07 09:40:00+05:30,2022-03-07 15:15:00+05:30,backtest
2022-03-11,NTPC,SHORT,131.95,131.95,125,133.15,130.15,-72.99,-0.443,EOD,2022-03-11 11:05:00+05:30,2022-03-11 15:15:00+05:30,backtest
2022-03-11,DRREDDY,LONG,782.5,794.05,21,774.8,794.05,169.44,1.031,TARGET,2022-03-11 09:40:00+05:30,2022-03-11 12:25:00+05:30,backtest
2022-03-14,CIPLA,LONG,1051.9,1037.25,15,1037.25,1073.88,-291.09,-1.845,SL,2022-03-14 09:50:00+05:30,2022-03-14 11:50:00+05:30,backtest
2022-03-16,ADANIENT,LONG,1687.2,1703.3,9,1667.1,1717.35,74.39,0.49,EOD,2022-03-16 09:40:00+05:30,2022-03-16 15:15:00+05:30,backtest
2022-03-16,LT,SHORT,1756.25,1755.0,9,1770.6,1734.73,-60.35,-0.382,EOD,2022-03-16 09:45:00+05:30,2022-03-16 15:15:00+05:30,backtest
2022-03-17,DRREDDY,LONG,801.0,808.8,20,789.4,818.4,83.8,0.523,EOD,2022-03-17 09:50:00+05:30,2022-03-17 15:15:00+05:30,backtest
2022-03-17,ADANIPORTS,LONG,741.3,740.2,22,729.6,758.85,-96.79,-0.594,EOD,2022-03-17 10:05:00+05:30,2022-03-17 15:15:00+05:30,backtest
2022-03-22,HDFCBANK,SHORT,732.3,742.0,22,742.0,717.75,-285.83,-1.774,SL,2022-03-22 09:50:00+05:30,2022-03-22 13:05:00+05:30,backtest
2022-03-22,DRREDDY,SHORT,794.45,806.95,20,806.95,775.7,-322.03,-2.027,SL,2022-03-22 10:35:00+05:30,2022-03-22 13:15:00+05:30,backtest
2022-03-23,HEROMOTOCO,SHORT,2197.6,2239.3,5,2282.55,2070.17,-270.68,-2.463,EOD,2022-03-23 10:05:00+05:30,2022-03-23 15:15:00+05:30,backtest
2022-03-23,BAJAJ-AUTO,SHORT,3549.0,3514.0,4,3592.5,3483.75,71.75,0.505,EOD,2022-03-23 09:45:00+05:30,2022-03-23 15:15:00+05:30,backtest
2022-03-24,ADANIENT,LONG,1769.4,1776.9,9,1745.3,1805.55,-4.42,-0.028,EOD,2022-03-24 10:15:00+05:30,2022-03-24 15:15:00+05:30,backtest
2022-03-24,CIPLA,LONG,1027.9,1030.2,15,1002.35,1066.23,-36.37,-0.236,EOD,2022-03-24 11:45:00+05:30,2022-03-24 15:15:00+05:30,backtest
2022-03-25,HDFCLIFE,LONG,525.95,522.1,31,522.1,531.73,-191.84,-1.177,SL,2022-03-25 09:40:00+05:30,2022-03-25 12:10:00+05:30,backtest
2022-03-25,WIPRO,SHORT,290.2,288.6,56,293.35,285.47,17.19,0.106,EOD,2022-03-25 09:35:00+05:30,2022-03-25 15:15:00+05:30,backtest
2022-03-28,SBILIFE,SHORT,1066.85,1101.0,14,1101.0,1015.62,-548.45,-3.672,SL,2022-03-28 11:10:00+05:30,2022-03-28 12:55:00+05:30,backtest
2022-03-28,BHARTIARTL,LONG,719.8,731.0,22,710.2,734.2,174.48,1.102,EOD,2022-03-28 10:30:00+05:30,2022-03-28 15:15:00+05:30,backtest
2022-03-29,BRITANNIA,SHORT,3095.1,3102.7,5,3118.0,3060.75,-108.99,-0.704,EOD,2022-03-29 11:35:00+05:30,2022-03-29 15:15:00+05:30,backtest
2022-03-29,SUNPHARMA,LONG,909.8,921.12,17,902.25,921.12,121.4,0.785,TARGET,2022-03-29 09:55:00+05:30,2022-03-29 15:10:00+05:30,backtest
2022-03-30,AXISBANK,LONG,754.75,749.35,21,741.5,774.62,-184.99,-1.167,EOD,2022-03-30 09:50:00+05:30,2022-03-30 15:15:00+05:30,backtest
2022-03-30,BAJAJFINSV,LONG,1705.5,1713.0,9,1653.1,1784.1,-3.27,-0.021,EOD,2022-03-30 09:45:00+05:30,2022-03-30 15:15:00+05:30,backtest
2022-04-01,EICHERMOT,LONG,2481.0,2484.0,6,2425.05,2564.92,-51.79,-0.348,EOD,2022-04-01 10:25:00+05:30,2022-04-01 15:15:00+05:30,backtest
2022-04-04,M&M,LONG,824.75,834.0,19,810.05,846.8,104.23,0.665,EOD,2022-04-04 09:45:00+05:30,2022-04-04 15:15:00+05:30,backtest
2022-04-04,HDFCLIFE,LONG,580.0,571.55,18,553.8,619.3,-212.83,-2.039,EOD,2022-04-04 09:35:00+05:30,2022-04-04 15:15:00+05:30,backtest
2022-04-05,GRASIM,LONG,1701.15,1693.45,9,1663.4,1757.78,-139.85,-0.913,EOD,2022-04-05 11:25:00+05:30,2022-04-05 15:15:00+05:30,backtest
2022-04-05,ITC,LONG,218.85,220.25,73,216.15,222.9,30.15,0.189,EOD,2022-04-05 10:10:00+05:30,2022-04-05 15:15:00+05:30,backtest
2022-04-06,SUNPHARMA,LONG,937.9,925.35,17,925.35,956.72,-285.03,-1.788,SL,2022-04-06 10:15:00+05:30,2022-04-06 13:25:00+05:30,backtest
2022-04-06,SBILIFE,SHORT,1108.9,1107.7,14,1122.3,1088.8,-54.23,-0.349,EOD,2022-04-06 11:30:00+05:30,2022-04-06 15:15:00+05:30,backtest
2022-04-07,HEROMOTOCO,LONG,2209.25,2185.15,7,2185.15,2245.4,-239.46,-1.548,SL,2022-04-07 09:45:00+05:30,2022-04-07 13:45:00+05:30,backtest
2022-04-08,HDFCLIFE,SHORT,555.7,561.3,28,561.3,547.3,-228.08,-1.466,SL,2022-04-08 10:10:00+05:30,2022-04-08 10:45:00+05:30,backtest
2022-04-08,KOTAKBANK,SHORT,352.7,356.3,45,356.3,347.3,-233.91,-1.474,SL,2022-04-08 10:15:00+05:30,2022-04-08 14:10:00+05:30,backtest
2022-04-11,BHARTIARTL,LONG,763.6,758.5,20,756.0,775.0,-172.44,-1.129,EOD,2022-04-11 09:35:00+05:30,2022-04-11 15:15:00+05:30,backtest
2022-04-12,BRITANNIA,SHORT,3303.0,3348.0,4,3348.0,3235.5,-246.6,-1.867,SL,2022-04-12 10:25:00+05:30,2022-04-12 11:45:00+05:30,backtest
2022-04-12,HDFCLIFE,LONG,570.45,561.1,27,561.1,584.48,-323.0,-2.097,SL,2022-04-12 09:55:00+05:30,2022-04-12 12:50:00+05:30,backtest
2022-04-13,CIPLA,SHORT,1017.6,1016.85,15,1033.65,993.52,-59.27,-0.388,EOD,2022-04-13 11:35:00+05:30,2022-04-13 15:15:00+05:30,backtest
2022-04-18,HDFCLIFE,LONG,576.6,573.95,22,555.85,607.73,-123.61,-0.974,EOD,2022-04-18 11:15:00+05:30,2022-04-18 15:15:00+05:30,backtest
2022-04-18,SBILIFE,LONG,1159.5,1174.5,13,1133.6,1198.35,124.66,0.827,EOD,2022-04-18 09:40:00+05:30,2022-04-18 15:15:00+05:30,backtest
2022-04-19,HDFCLIFE,SHORT,568.85,552.43,27,579.8,552.43,373.2,2.43,TARGET,2022-04-19 10:25:00+05:30,2022-04-19 14:55:00+05:30,backtest
2022-04-19,LT,SHORT,1729.45,1707.3,9,1760.7,1682.58,128.42,0.825,EOD,2022-04-19 09:35:00+05:30,2022-04-19 15:15:00+05:30,backtest
2022-04-20,ITC,SHORT,220.75,219.7,71,224.85,214.6,3.28,0.021,EOD,2022-04-20 10:50:00+05:30,2022-04-20 15:15:00+05:30,backtest
2022-04-21,NESTLEIND,SHORT,892.4,914.9,17,914.9,858.65,-453.22,-2.987,SL,2022-04-21 10:25:00+05:30,2022-04-21 11:25:00+05:30,backtest
2022-04-21,LT,LONG,1710.05,1725.05,9,1700.05,1725.05,64.08,0.416,TARGET,2022-04-21 10:10:00+05:30,2022-04-21 14:15:00+05:30,backtest
2022-04-25,ITC,SHORT,216.35,216.2,72,219.4,211.77,-60.34,-0.387,EOD,2022-04-25 10:50:00+05:30,2022-04-25 15:15:00+05:30,backtest
2022-04-25,UPL,SHORT,763.2,770.2,20,776.0,744.0,-210.67,-1.38,EOD,2022-04-25 11:35:00+05:30,2022-04-25 15:15:00+05:30,backtest
2022-04-27,EICHERMOT,LONG,2628.45,2662.57,5,2605.7,2662.57,104.17,0.793,TARGET,2022-04-27 10:30:00+05:30,2022-04-27 14:40:00+05:30,backtest
2022-04-27,LT,LONG,1684.3,1672.15,9,1672.15,1702.52,-179.56,-1.185,SL,2022-04-27 09:55:00+05:30,2022-04-27 12:55:00+05:30,backtest
2022-04-28,UPL,LONG,786.0,790.25,19,771.45,807.82,10.8,0.072,EOD,2022-04-28 10:00:00+05:30,2022-04-28 15:15:00+05:30,backtest
2022-04-28,RELIANCE,LONG,1346.35,1341.75,11,1327.85,1374.1,-120.17,-0.811,EOD,2022-04-28 10:55:00+05:30,2022-04-28 15:15:00+05:30,backtest
2022-04-29,HDFCBANK,LONG,701.4,692.9,22,687.0,723.0,-257.67,-1.67,EOD,2022-04-29 11:45:00+05:30,2022-04-29 15:15:00+05:30,backtest
2022-05-02,LT,SHORT,1658.0,1678.55,9,1685.95,1616.07,-254.98,-1.709,EOD,2022-05-02 11:35:00+05:30,2022-05-02 15:15:00+05:30,backtest
2022-05-02,TECHM,SHORT,1175.9,1182.3,13,1199.0,1141.25,-153.86,-1.006,EOD,2022-05-02 11:45:00+05:30,2022-05-02 15:15:00+05:30,backtest
2022-05-05,LT,LONG,1658.05,1640.0,9,1640.0,1685.12,-232.13,-1.556,SL,2022-05-05 10:05:00+05:30,2022-05-05 13:45:00+05:30,backtest
2022-05-05,HDFCLIFE,SHORT,567.35,569.1,27,574.85,556.1,-117.93,-0.77,EOD,2022-05-05 11:55:00+05:30,2022-05-05 15:15:00+05:30,backtest
2022-05-06,BHARTIARTL,LONG,721.5,710.0,21,707.75,742.12,-311.56,-2.056,EOD,2022-05-06 10:15:00+05:30,2022-05-06 15:15:00+05:30,backtest
2022-05-06,DIVISLAB,SHORT,4180.1,4205.0,3,4310.55,3984.43,-139.86,-1.115,EOD,2022-05-06 10:55:00+05:30,2022-05-06 15:15:00+05:30,backtest
2022-05-09,NTPC,LONG,159.6,159.05,95,156.25,164.62,-122.52,-0.808,EOD,2022-05-09 10:35:00+05:30,2022-05-09 15:15:00+05:30,backtest
2022-05-09,POWERGRID,LONG,178.3,180.1,85,173.25,185.88,82.54,0.545,EOD,2022-05-09 10:20:00+05:30,2022-05-09 15:15:00+05:30,backtest
2022-05-10,AXISBANK,SHORT,660.6,660.0,22,672.0,643.5,-55.85,-0.384,EOD,2022-05-10 09:55:00+05:30,2022-05-10 15:15:00+05:30,backtest
2022-05-10,SUNPHARMA,SHORT,878.05,858.85,17,890.85,858.85,256.87,1.721,TARGET,2022-05-10 10:50:00+05:30,2022-05-10 11:35:00+05:30,backtest
2022-05-11,HCLTECH,SHORT,1059.65,1061.65,14,1079.15,1030.4,-97.7,-0.659,EOD,2022-05-11 10:50:00+05:30,2022-05-11 15:15:00+05:30,backtest
2022-05-17,INFY,LONG,1504.1,1516.7,10,1481.75,1537.62,55.79,0.371,EOD,2022-05-17 10:15:00+05:30,2022-05-17 15:15:00+05:30,backtest
2022-05-17,UPL,LONG,776.5,782.75,19,766.2,791.95,49.12,0.333,EOD,2022-05-17 11:45:00+05:30,2022-05-17 15:15:00+05:30,backtest
2022-05-19,BRITANNIA,SHORT,3349.7,3333.75,4,3388.6,3291.35,-2.93,-0.022,EOD,2022-05-19 09:55:00+05:30,2022-05-19 15:15:00+05:30,backtest
2022-05-20,UPL,SHORT,775.2,775.85,19,791.4,750.9,-81.82,-0.556,EOD,2022-05-20 11:55:00+05:30,2022-05-20 15:15:00+05:30,backtest
2022-05-20,LT,LONG,1604.7,1608.85,9,1561.05,1670.18,-31.57,-0.219,EOD,2022-05-20 11:30:00+05:30,2022-05-20 15:15:00+05:30,backtest
2022-05-23,BAJAJFINSV,LONG,1277.1,1256.15,11,1256.15,1308.52,-298.32,-2.124,SL,2022-05-23 11:25:00+05:30,2022-05-23 15:10:00+05:30,backtest
2022-05-23,DIVISLAB,LONG,4382.0,4302.9,3,4302.9,4500.65,-303.35,-2.308,SL,2022-05-23 10:25:00+05:30,2022-05-23 14:15:00+05:30,backtest
2022-05-24,NTPC,SHORT,149.85,147.0,100,151.75,147.0,215.31,1.437,TARGET,2022-05-24 11:05:00+05:30,2022-05-24 14:50:00+05:30,backtest
2022-05-24,SBIN,LONG,465.75,460.65,32,460.65,473.4,-232.84,-1.562,SL,2022-05-24 11:45:00+05:30,2022-05-24 14:25:00+05:30,backtest
2022-05-25,INFY,SHORT,1419.3,1412.2,10,1440.0,1388.25,2.68,0.019,EOD,2022-05-25 10:20:00+05:30,2022-05-25 15:15:00+05:30,backtest
2022-05-26,SBILIFE,LONG,1102.4,1091.6,13,1091.6,1118.6,-208.92,-1.458,SL,2022-05-26 10:15:00+05:30,2022-05-26 10:45:00+05:30,backtest
2022-05-26,HCLTECH,SHORT,976.6,983.4,15,983.4,966.4,-171.4,-1.17,SL,2022-05-26 11:05:00+05:30,2022-05-26 13:15:00+05:30,backtest
2022-05-27,HDFCLIFE,LONG,589.4,598.0,25,577.4,607.4,145.32,0.986,EOD,2022-05-27 09:45:00+05:30,2022-05-27 15:15:00+05:30,backtest
2022-05-31,NESTLEIND,LONG,896.0,881.5,16,876.4,925.4,-300.44,-2.096,EOD,2022-05-31 11:10:00+05:30,2022-05-31 15:15:00+05:30,backtest
2022-05-31,ADANIENT,LONG,2126.0,2095.4,7,2085.1,2187.35,-283.75,-1.907,EOD,2022-05-31 09:50:00+05:30,2022-05-31 15:15:00+05:30,backtest
2022-06-01,POWERGRID,SHORT,168.8,168.25,87,171.15,165.28,-21.47,-0.146,EOD,2022-06-01 11:55:00+05:30,2022-06-01 15:15:00+05:30,backtest
2022-06-02,LT,LONG,1645.7,1638.6,9,1625.5,1676.0,-133.46,-0.901,EOD,2022-06-02 10:25:00+05:30,2022-06-02 15:15:00+05:30,backtest
2022-06-02,ADANIENT,LONG,2113.0,2143.1,7,2076.9,2167.15,140.91,0.953,EOD,2022-06-02 09:45:00+05:30,2022-06-02 15:15:00+05:30,backtest
2022-06-03,LT,LONG,1670.65,1651.0,8,1645.0,1709.13,-223.77,-1.674,EOD,2022-06-03 09:50:00+05:30,2022-06-03 15:15:00+05:30,backtest
2022-06-06,NTPC,LONG,158.55,155.2,93,155.2,163.58,-380.73,-2.582,SL,2022-06-06 10:45:00+05:30,2022-06-06 12:25:00+05:30,backtest
2022-06-07,BRITANNIA,SHORT,3432.45,3363.0,4,3478.75,3363.0,210.62,1.534,TARGET,2022-06-07 11:50:00+05:30,2022-06-07 14:00:00+05:30,backtest
2022-06-07,DIVISLAB,SHORT,3467.0,3502.85,4,3502.85,3413.23,-211.28,-1.524,SL,2022-06-07 09:55:00+05:30,2022-06-07 12:05:00+05:30,backtest
2022-06-08,HDFCBANK,LONG,689.0,683.8,21,680.8,701.3,-178.03,-1.23,EOD,2022-06-08 10:35:00+05:30,2022-06-08 15:15:00+05:30,backtest
2022-06-08,GRASIM,LONG,1341.9,1323.55,10,1302.95,1400.33,-250.15,-1.864,EOD,2022-06-08 11:00:00+05:30,2022-06-08 15:15:00+05:30,backtest
2022-06-09,WIPRO,LONG,224.95,226.9,64,221.85,229.6,55.88,0.388,EOD,2022-06-09 10:40:00+05:30,2022-06-09 15:15:00+05:30,backtest
2022-06-09,ITC,LONG,228.4,229.2,63,225.2,233.2,-18.43,-0.128,EOD,2022-06-09 09:40:00+05:30,2022-06-09 15:15:00+05:30,backtest
2022-06-10,BAJAJFINSV,SHORT,1223.0,1226.55,11,1238.1,1200.35,-106.0,-0.788,EOD,2022-06-10 10:25:00+05:30,2022-06-10 15:15:00+05:30,backtest
2022-06-13,SBILIFE,SHORT,1135.3,1135.6,12,1161.65,1095.77,-70.85,-0.52,EOD,2022-06-13 11:05:00+05:30,2022-06-13 15:15:00+05:30,backtest
2022-06-13,APOLLOHOSP,LONG,3659.8,3657.0,3,3592.0,3761.5,-70.35,-0.641,EOD,2022-06-13 09:50:00+05:30,2022-06-13 15:15:00+05:30,backtest
2022-06-15,NTPC,SHORT,151.25,147.8,96,153.55,147.8,262.49,1.808,TARGET,2022-06-15 09:35:00+05:30,2022-06-15 14:15:00+05:30,backtest
2022-06-16,COALINDIA,SHORT,175.25,168.88,83,179.5,168.88,460.56,3.166,TARGET,2022-06-16 11:00:00+05:30,2022-06-16 14:20:00+05:30,backtest
2022-06-20,HDFCBANK,LONG,655.6,661.8,22,648.4,666.4,67.42,0.467,EOD,2022-06-20 10:00:00+05:30,2022-06-20 15:15:00+05:30,backtest
2022-06-20,HEROMOTOCO,LONG,2325.8,2283.35,6,2283.35,2389.48,-322.35,-2.31,SL,2022-06-20 09:50:00+05:30,2022-06-20 14:30:00+05:30,backtest
2022-06-21,BHARTIARTL,LONG,648.9,654.6,22,640.6,661.35,56.72,0.397,EOD,2022-06-21 09:50:00+05:30,2022-06-21 15:15:00+05:30,backtest
2022-06-21,AXISBANK,LONG,635.65,644.88,23,629.5,644.88,142.72,0.976,TARGET,2022-06-21 11:45:00+05:30,2022-06-21 13:25:00+05:30,backtest
2022-06-23,NESTLEIND,LONG,846.0,848.6,17,835.0,862.5,-24.61,-0.171,EOD,2022-06-23 11:45:00+05:30,2022-06-23 15:15:00+05:30,backtest
2022-06-23,GRASIM,LONG,1329.7,1316.1,11,1316.1,1350.1,-218.7,-1.495,SL,2022-06-23 09:45:00+05:30,2022-06-23 11:50:00+05:30,backtest
2022-06-24,GRASIM,SHORT,1313.6,1320.2,11,1330.7,1287.95,-141.57,-0.98,EOD,2022-06-24 10:40:00+05:30,2022-06-24 15:15:00+05:30,backtest
2022-06-27,ADANIENT,LONG,2128.5,2114.6,6,2103.2,2166.45,-148.86,-1.166,EOD,2022-06-27 09:35:00+05:30,2022-06-27 15:15:00+05:30,backtest
2022-06-27,UPL,LONG,637.4,631.65,22,617.85,666.72,-194.42,-1.386,EOD,2022-06-27 11:25:00+05:30,2022-06-27 15:15:00+05:30,backtest
2022-06-28,HEROMOTOCO,LONG,2615.9,2597.95,5,2565.65,2691.28,-155.82,-1.191,EOD,2022-06-28 10:05:00+05:30,2022-06-28 15:15:00+05:30,backtest
2022-06-29,RELIANCE,LONG,1210.3,1229.6,11,1192.0,1237.75,145.46,1.093,EOD,2022-06-29 10:00:00+05:30,2022-06-29 15:15:00+05:30,backtest
2022-06-29,JSWSTEEL,LONG,580.35,575.35,24,569.15,597.15,-187.74,-1.348,EOD,2022-06-29 09:45:00+05:30,2022-06-29 15:15:00+05:30,backtest
2022-07-01,SUNPHARMA,LONG,834.15,825.1,17,825.1,847.72,-222.06,-1.566,SL,2022-07-01 11:20:00+05:30,2022-07-01 14:55:00+05:30,backtest
2022-07-01,ITC,LONG,234.55,240.5,61,229.75,241.75,293.97,2.055,EOD,2022-07-01 10:10:00+05:30,2022-07-01 15:15:00+05:30,backtest
2022-07-04,DIVISLAB,SHORT,3607.95,3639.3,4,3679.45,3500.7,-194.39,-1.347,EOD,2022-07-04 09:55:00+05:30,2022-07-04 15:15:00+05:30,backtest
2022-07-05,BAJFINANCE,LONG,572.0,566.5,25,563.0,585.5,-205.96,-1.44,EOD,2022-07-05 10:05:00+05:30,2022-07-05 15:15:00+05:30,backtest
2022-07-05,HCLTECH,LONG,999.65,982.0,14,982.0,1026.12,-314.84,-2.25,SL,2022-07-05 11:25:00+05:30,2022-07-05 14:50:00+05:30,backtest
2022-07-06,SBIN,LONG,479.1,479.75,29,473.95,486.83,-48.96,-0.352,EOD,2022-07-06 10:50:00+05:30,2022-07-06 15:15:00+05:30,backtest
2022-07-07,DRREDDY,SHORT,875.45,866.8,16,888.4,856.03,70.52,0.503,EOD,2022-07-07 11:25:00+05:30,2022-07-07 15:15:00+05:30,backtest
2022-07-07,DIVISLAB,LONG,3704.45,3655.3,3,3600.0,3861.12,-209.53,-1.885,EOD,2022-07-07 10:35:00+05:30,2022-07-07 15:15:00+05:30,backtest
2022-07-08,SBILIFE,LONG,1137.0,1148.7,12,1128.05,1150.43,72.97,0.535,EOD,2022-07-08 10:40:00+05:30,2022-07-08 15:15:00+05:30,backtest
2022-07-08,POWERGRID,LONG,157.8,160.58,90,155.95,160.58,181.1,1.275,TARGET,2022-07-08 11:15:00+05:30,2022-07-08 15:10:00+05:30,backtest
2022-07-11,DRREDDY,LONG,897.0,900.3,15,870.2,937.2,-17.46,-0.13,EOD,2022-07-11 10:00:00+05:30,2022-07-11 15:15:00+05:30,backtest
2022-07-11,DIVISLAB,LONG,3707.7,3736.95,3,3634.6,3817.35,25.42,0.228,EOD,2022-07-11 11:00:00+05:30,2022-07-11 15:15:00+05:30,backtest
2022-07-12,ASIANPAINT,SHORT,2893.2,2891.45,4,2923.2,2848.2,-56.14,-0.485,EOD,2022-07-12 11:40:00+05:30,2022-07-12 15:15:00+05:30,backtest
2022-07-13,UPL,SHORT,652.4,651.3,21,658.05,643.92,-44.28,-0.323,EOD,2022-07-13 10:25:00+05:30,2022-07-13 15:15:00+05:30,backtest
2022-07-13,AXISBANK,LONG,681.5,679.95,20,677.2,687.95,-98.23,-0.721,EOD,2022-07-13 09:55:00+05:30,2022-07-13 15:15:00+05:30,backtest
2022-07-14,NTPC,SHORT,148.0,148.3,96,149.3,146.05,-97.24,-0.684,EOD,2022-07-14 09:55:00+05:30,2022-07-14 15:15:00+05:30,backtest
2022-07-15,HEROMOTOCO,SHORT,2628.75,2635.25,5,2649.05,2598.3,-98.82,-0.752,EOD,2022-07-15 09:55:00+05:30,2022-07-15 15:15:00+05:30,backtest
2022-07-18,KOTAKBANK,LONG,365.3,368.9,38,358.8,375.05,68.9,0.496,EOD,2022-07-18 11:30:00+05:30,2022-07-18 15:15:00+05:30,backtest
2022-07-19,ADANIPORTS,LONG,745.55,748.9,19,734.8,761.67,-4.74,-0.033,EOD,2022-07-19 09:40:00+05:30,2022-07-19 15:15:00+05:30,backtest
2022-07-20,ITC,LONG,252.95,252.75,56,248.75,259.25,-79.52,-0.561,EOD,2022-07-20 10:10:00+05:30,2022-07-20 15:15:00+05:30,backtest
2022-07-20,JSWSTEEL,LONG,598.35,589.05,23,589.05,612.3,-281.21,-2.043,SL,2022-07-20 10:00:00+05:30,2022-07-20 13:00:00+05:30,backtest
2022-07-22,NTPC,SHORT,149.65,149.0,94,151.25,147.25,-6.97,-0.05,EOD,2022-07-22 09:50:00+05:30,2022-07-22 15:15:00+05:30,backtest
2022-07-26,HDFCLIFE,LONG,526.45,522.6,26,520.35,535.6,-167.38,-1.223,EOD,2022-07-26 10:15:00+05:30,2022-07-26 15:15:00+05:30,backtest
2022-07-26,NTPC,LONG,150.8,149.5,93,149.5,152.75,-188.83,-1.346,SL,2022-07-26 10:05:00+05:30,2022-07-26 11:55:00+05:30,backtest
2022-07-27,BRITANNIA,LONG,3825.9,3857.15,3,3781.55,3892.43,30.7,0.267,EOD,2022-07-27 10:50:00+05:30,2022-07-27 15:15:00+05:30,backtest
2022-07-27,SUNPHARMA,LONG,876.75,892.8,16,866.05,892.8,188.49,1.344,TARGET,2022-07-27 09:40:00+05:30,2022-07-27 14:50:00+05:30,backtest
2022-07-28,HDFCLIFE,SHORT,520.4,525.85,27,525.85,512.22,-215.4,-1.533,SL,2022-07-28 10:40:00+05:30,2022-07-28 13:45:00+05:30,backtest
2022-07-28,NESTLEIND,LONG,949.1,957.0,14,923.0,988.25,43.91,0.33,EOD,2022-07-28 11:00:00+05:30,2022-07-28 15:15:00+05:30,backtest
2022-07-29,DIVISLAB,LONG,3874.7,3825.4,3,3825.4,3948.65,-211.0,-1.815,SL,2022-07-29 09:40:00+05:30,2022-07-29 10:35:00+05:30,backtest
2022-07-29,POWERGRID,SHORT,157.9,156.95,89,159.8,155.05,16.53,0.118,EOD,2022-07-29 10:50:00+05:30,2022-07-29 15:15:00+05:30,backtest
2022-08-01,ADANIPORTS,LONG,778.55,798.72,18,765.1,798.72,294.76,2.103,TARGET,2022-08-01 09:40:00+05:30,2022-08-01 12:00:00+05:30,backtest
2022-08-01,ITC,LONG,259.45,260.15,54,256.85,263.35,-30.26,-0.216,EOD,2022-08-01 09:40:00+05:30,2022-08-01 15:15:00+05:30,backtest
2022-08-02,LT,SHORT,1785.55,1796.15,7,1811.45,1746.7,-139.27,-1.114,EOD,2022-08-02 09:55:00+05:30,2022-08-02 15:15:00+05:30,backtest
2022-08-03,SUNPHARMA,SHORT,905.75,897.15,15,917.8,887.68,61.96,0.456,EOD,2022-08-03 10:30:00+05:30,2022-08-03 15:15:00+05:30,backtest
2022-08-03,LT,SHORT,1780.6,1789.6,7,1804.0,1745.5,-127.99,-1.027,EOD,2022-08-03 11:00:00+05:30,2022-08-03 15:15:00+05:30,backtest
2022-08-04,ICICIBANK,SHORT,819.05,819.9,17,829.65,803.15,-82.31,-0.591,EOD,2022-08-04 11:25:00+05:30,2022-08-04 15:15:00+05:30,backtest
2022-08-04,COALINDIA,SHORT,193.35,192.85,72,198.4,185.77,-31.81,-0.228,EOD,2022-08-04 11:25:00+05:30,2022-08-04 15:15:00+05:30,backtest
2022-08-05,AXISBANK,LONG,727.15,728.7,19,722.7,733.82,-38.21,-0.277,EOD,2022-08-05 10:05:00+05:30,2022-08-05 15:15:00+05:30,backtest
2022-08-08,COALINDIA,LONG,196.7,200.75,71,192.75,202.62,219.33,1.57,EOD,2022-08-08 11:00:00+05:30,2022-08-08 15:15:00+05:30,backtest
2022-08-08,AXISBANK,LONG,740.4,745.2,18,728.1,758.85,19.66,0.148,EOD,2022-08-08 10:30:00+05:30,2022-08-08 15:15:00+05:30,backtest
2022-08-10,LT,LONG,1859.0,1854.45,7,1824.0,1911.5,-97.84,-0.752,EOD,2022-08-10 11:25:00+05:30,2022-08-10 15:15:00+05:30,backtest
2022-08-10,BAJAJFINSV,LONG,1562.75,1565.0,8,1545.05,1589.3,-47.02,-0.376,EOD,2022-08-10 10:15:00+05:30,2022-08-10 15:15:00+05:30,backtest
2022-08-11,JSWSTEEL,LONG,677.7,670.45,20,670.45,688.58,-211.96,-1.564,SL,2022-08-11 10:05:00+05:30,2022-08-11 11:35:00+05:30,backtest
2022-08-11,ONGC,SHORT,120.65,120.05,116,122.9,117.28,1.68,0.012,EOD,2022-08-11 11:40:00+05:30,2022-08-11 15:15:00+05:30,backtest
2022-08-12,GRASIM,SHORT,1589.3,1607.8,8,1607.8,1561.55,-213.58,-1.68,SL,2022-08-12 10:35:00+05:30,2022-08-12 13:40:00+05:30,backtest
2022-08-12,M&M,SHORT,1255.5,1258.15,11,1268.9,1235.4,-96.8,-0.701,EOD,2022-08-12 10:25:00+05:30,2022-08-12 15:15:00+05:30,backtest
2022-08-16,HDFCLIFE,LONG,553.55,564.87,25,546.0,564.87,215.16,1.555,TARGET,2022-08-16 10:05:00+05:30,2022-08-16 10:50:00+05:30,backtest
2022-08-17,POWERGRID,LONG,169.55,167.95,82,167.95,171.95,-198.88,-1.43,SL,2022-08-17 11:00:00+05:30,2022-08-17 14:15:00+05:30,backtest
2022-08-17,BAJAJFINSV,LONG,1614.5,1646.75,8,1593.0,1646.75,191.91,1.486,TARGET,2022-08-17 09:40:00+05:30,2022-08-17 10:45:00+05:30,backtest
2022-08-18,BHARTIARTL,LONG,728.85,733.25,19,721.1,740.48,15.82,0.114,EOD,2022-08-18 09:35:00+05:30,2022-08-18 15:15:00+05:30,backtest
2022-08-19,BRITANNIA,SHORT,3662.5,3663.55,3,3709.45,3592.08,-65.13,-0.593,EOD,2022-08-19 09:35:00+05:30,2022-08-19 15:15:00+05:30,backtest
2022-08-19,SBIN,SHORT,523.8,520.55,26,533.55,509.17,17.35,0.127,EOD,2022-08-19 11:30:00+05:30,2022-08-19 15:15:00+05:30,backtest
2022-08-22,BAJAJ-AUTO,SHORT,3914.0,3949.5,3,3949.5,3860.75,-170.09,-1.449,SL,2022-08-22 09:40:00+05:30,2022-08-22 11:45:00+05:30,backtest
2022-08-22,ASIANPAINT,SHORT,3373.3,3350.65,3,3485.0,3205.75,7.78,0.077,EOD,2022-08-22 11:50:00+05:30,2022-08-22 15:15:00+05:30,backtest
2022-08-23,BHARTIARTL,LONG,730.5,742.43,19,722.55,742.43,158.59,1.143,TARGET,2022-08-23 09:55:00+05:30,2022-08-23 12:00:00+05:30,backtest
2022-08-23,ADANIENT,SHORT,2862.3,2940.9,3,2980.2,2685.45,-293.21,-3.415,EOD,2022-08-23 10:35:00+05:30,2022-08-23 15:15:00+05:30,backtest
2022-08-24,HDFCLIFE,LONG,573.35,566.9,24,563.2,588.58,-222.17,-1.615,EOD,2022-08-24 10:30:00+05:30,2022-08-24 15:15:00+05:30,backtest
2022-08-24,NTPC,LONG,160.35,161.1,86,158.0,163.88,-3.14,-0.023,EOD,2022-08-24 10:05:00+05:30,2022-08-24 15:15:00+05:30,backtest
2022-08-25,EICHERMOT,LONG,3484.0,3476.8,3,3408.8,3596.8,-82.48,-0.789,EOD,2022-08-25 09:45:00+05:30,2022-08-25 15:15:00+05:30,backtest
2022-08-25,BAJAJ-AUTO,SHORT,3964.0,3960.0,3,3993.5,3919.75,-51.77,-0.435,EOD,2022-08-25 11:55:00+05:30,2022-08-25 15:15:00+05:30,backtest
2022-08-26,UPL,SHORT,733.8,729.05,18,747.25,713.62,19.17,0.145,EOD,2022-08-26 11:40:00+05:30,2022-08-26 15:15:00+05:30,backtest
2022-08-26,SBIN,LONG,527.4,523.35,26,523.35,533.47,-172.62,-1.259,SL,2022-08-26 11:20:00+05:30,2022-08-26 15:00:00+05:30,backtest
2022-08-30,DRREDDY,SHORT,839.9,846.0,16,846.0,830.75,-164.57,-1.225,SL,2022-08-30 11:50:00+05:30,2022-08-30 15:00:00+05:30,backtest
2022-08-30,HEROMOTOCO,LONG,2692.45,2669.55,5,2664.7,2734.07,-181.31,-1.347,EOD,2022-08-30 10:50:00+05:30,2022-08-30 15:15:00+05:30,backtest
2022-09-02,BAJAJ-AUTO,SHORT,3959.5,3930.5,3,4001.5,3896.5,23.33,0.196,EOD,2022-09-02 10:30:00+05:30,2022-09-02 15:15:00+05:30,backtest
2022-09-02,SUNPHARMA,SHORT,870.0,869.0,15,877.95,858.07,-51.09,-0.391,EOD,2022-09-02 11:10:00+05:30,2022-09-02 15:15:00+05:30,backtest
2022-09-05,GRASIM,LONG,1687.1,1707.05,8,1673.8,1707.05,92.45,0.685,TARGET,2022-09-05 10:05:00+05:30,2022-09-05 14:15:00+05:30,backtest
2022-09-05,BHARTIARTL,LONG,740.75,740.9,18,733.25,752.0,-63.97,-0.48,EOD,2022-09-05 11:35:00+05:30,2022-09-05 15:15:00+05:30,backtest
2022-09-06,BAJAJ-AUTO,SHORT,3833.0,3833.0,3,3891.5,3745.25,-63.0,-0.548,EOD,2022-09-06 10:10:00+05:30,2022-09-06 15:15:00+05:30,backtest
2022-09-06,HCLTECH,SHORT,927.95,939.7,14,939.7,910.33,-230.65,-1.775,SL,2022-09-06 10:20:00+05:30,2022-09-06 12:25:00+05:30,backtest
2022-09-07,BRITANNIA,LONG,3631.15,3668.5,3,3588.0,3695.88,50.15,0.46,EOD,2022-09-07 10:30:00+05:30,2022-09-07 15:15:00+05:30,backtest
2022-09-07,HEROMOTOCO,SHORT,2668.7,2688.35,5,2707.1,2611.1,-165.04,-1.237,EOD,2022-09-07 10:55:00+05:30,2022-09-07 15:15:00+05:30,backtest
2022-09-08,M&M,LONG,1323.1,1320.75,10,1302.05,1354.67,-89.94,-0.68,EOD,2022-09-08 10:05:00+05:30,2022-09-08 15:15:00+05:30,backtest
2022-09-08,UPL,SHORT,710.15,707.5,19,717.2,699.57,-16.59,-0.123,EOD,2022-09-08 10:40:00+05:30,2022-09-08 15:15:00+05:30,backtest
2022-09-09,UPL,LONG,720.65,712.4,18,710.6,735.72,-214.29,-1.652,EOD,2022-09-09 09:40:00+05:30,2022-09-09 15:15:00+05:30,backtest
2022-09-09,CIPLA,LONG,1064.9,1058.75,12,1055.05,1079.68,-139.28,-1.09,EOD,2022-09-09 10:00:00+05:30,2022-09-09 15:15:00+05:30,backtest
2022-09-12,SBILIFE,LONG,1304.5,1296.0,10,1296.0,1317.25,-151.0,-1.158,SL,2022-09-12 10:20:00+05:30,2022-09-12 11:20:00+05:30,backtest
2022-09-12,NTPC,LONG,167.7,166.5,80,166.5,169.5,-162.74,-1.213,SL,2022-09-12 10:00:00+05:30,2022-09-12 11:30:00+05:30,backtest
2022-09-13,BHARTIARTL,LONG,775.75,781.9,17,771.65,781.9,38.07,0.289,TARGET,2022-09-13 10:55:00+05:30,2022-09-13 11:15:00+05:30,backtest
2022-09-13,ONGC,LONG,121.9,120.95,109,120.95,123.33,-170.02,-1.28,SL,2022-09-13 10:50:00+05:30,2022-09-13 15:00:00+05:30,backtest
2022-09-15,SUNPHARMA,SHORT,876.8,872.85,15,888.15,859.77,-6.99,-0.053,EOD,2022-09-15 10:55:00+05:30,2022-09-15 15:15:00+05:30,backtest
2022-09-15,BHARTIARTL,SHORT,783.65,785.35,16,790.65,773.15,-92.3,-0.736,EOD,2022-09-15 09:35:00+05:30,2022-09-15 15:15:00+05:30,backtest
2022-09-16,NTPC,SHORT,172.4,172.5,77,174.7,168.95,-74.26,-0.559,EOD,2022-09-16 10:50:00+05:30,2022-09-16 15:15:00+05:30,backtest
2022-09-16,LT,SHORT,1926.15,1921.35,6,1956.9,1880.03,-34.28,-0.297,EOD,2022-09-16 09:50:00+05:30,2022-09-16 15:15:00+05:30,backtest
2022-09-19,BAJFINANCE,LONG,749.0,748.5,13,719.0,794.0,-65.97,-0.677,EOD,2022-09-19 11:20:00+05:30,2022-09-19 15:15:00+05:30,backtest
2022-09-20,HDFCLIFE,LONG,551.65,557.57,24,547.7,557.57,75.58,0.571,TARGET,2022-09-20 09:50:00+05:30,2022-09-20 10:30:00+05:30,backtest
2022-09-20,HDFCBANK,LONG,759.7,759.8,17,755.0,766.75,-64.13,-0.497,EOD,2022-09-20 10:10:00+05:30,2022-09-20 15:15:00+05:30,backtest
2022-09-21,JSWSTEEL,SHORT,683.65,684.7,19,692.5,670.38,-85.95,-0.662,EOD,2022-09-21 11:50:00+05:30,2022-09-21 15:15:00+05:30,backtest
2022-09-21,HCLTECH,SHORT,906.7,900.85,14,913.75,896.13,16.59,0.131,EOD,2022-09-21 11:20:00+05:30,2022-09-21 15:15:00+05:30,backtest
2022-09-23,NTPC,SHORT,166.4,163.33,79,168.45,163.33,176.88,1.346,TARGET,2022-09-23 11:10:00+05:30,2022-09-23 14:25:00+05:30,backtest
2022-09-26,GRASIM,SHORT,1651.9,1659.5,8,1686.3,1600.3,-127.29,-0.963,EOD,2022-09-26 10:20:00+05:30,2022-09-26 15:15:00+05:30,backtest
2022-09-26,NTPC,SHORT,157.8,158.5,66,163.75,148.88,-107.08,-1.028,EOD,2022-09-26 11:10:00+05:30,2022-09-26 15:15:00+05:30,backtest
2022-09-28,POWERGRID,SHORT,149.4,152.8,88,152.8,144.3,-365.79,-2.782,SL,2022-09-28 09:50:00+05:30,2022-09-28 14:00:00+05:30,backtest
2022-09-29,LT,SHORT,1825.95,1815.55,7,1855.8,1781.18,7.31,0.057,EOD,2022-09-29 11:00:00+05:30,2022-09-29 15:15:00+05:30,backtest
2022-09-30,SBIN,LONG,528.7,529.4,24,519.7,542.2,-48.59,-0.383,EOD,2022-09-30 10:15:00+05:30,2022-09-30 15:15:00+05:30,backtest
2022-09-30,COALINDIA,SHORT,195.2,199.55,67,199.55,188.67,-357.9,-2.737,SL,2022-09-30 09:50:00+05:30,2022-09-30 12:40:00+05:30,backtest
2022-10-04,BAJAJ-AUTO,LONG,3479.0,3496.5,3,3455.5,3514.25,-8.43,-0.081,EOD,2022-10-04 10:45:00+05:30,2022-10-04 15:15:00+05:30,backtest
2022-10-06,POWERGRID,SHORT,152.8,151.2,85,154.6,150.1,70.16,0.54,EOD,2022-10-06 10:10:00+05:30,2022-10-06 15:15:00+05:30,backtest
2022-10-06,TITAN,SHORT,2595.65,2613.3,5,2613.3,2569.18,-154.29,-1.189,SL,2022-10-06 09:40:00+05:30,2022-10-06 10:15:00+05:30,backtest
2022-10-10,LT,SHORT,1893.15,1913.0,6,1917.0,1857.38,-181.94,-1.602,EOD,2022-10-10 09:50:00+05:30,2022-10-10 15:15:00+05:30,backtest
2022-10-12,M&M,LONG,1252.8,1248.85,10,1230.1,1286.85,-104.52,-0.834,EOD,2022-10-12 09:40:00+05:30,2022-10-12 15:15:00+05:30,backtest
2022-10-12,NTPC,LONG,163.7,165.15,79,161.15,167.52,48.57,0.376,EOD,2022-10-12 10:40:00+05:30,2022-10-12 15:15:00+05:30,backtest
2022-10-13,HDFCBANK,SHORT,693.3,696.2,18,703.1,678.6,-117.21,-0.939,EOD,2022-10-13 11:15:00+05:30,2022-10-13 15:15:00+05:30,backtest
2022-10-13,GRASIM,SHORT,1635.5,1669.35,7,1669.35,1584.73,-300.08,-2.621,SL,2022-10-13 10:30:00+05:30,2022-10-13 14:05:00+05:30,backtest
2022-10-14,TITAN,LONG,2650.0,2622.6,4,2622.6,2691.1,-170.69,-1.61,SL,2022-10-14 10:00:00+05:30,2022-10-14 14:30:00+05:30,backtest
2022-10-17,GRASIM,LONG,1693.35,1688.7,7,1670.15,1728.15,-96.22,-0.812,EOD,2022-10-17 10:15:00+05:30,2022-10-17 15:15:00+05:30,backtest
2022-10-17,UPL,LONG,654.2,649.9,19,644.45,668.83,-146.48,-1.178,EOD,2022-10-17 10:35:00+05:30,2022-10-17 15:15:00+05:30,backtest
2022-10-18,NESTLEIND,LONG,960.2,969.4,13,949.5,976.25,54.52,0.437,EOD,2022-10-18 09:55:00+05:30,2022-10-18 15:15:00+05:30,backtest
2022-10-18,COALINDIA,LONG,223.5,225.45,56,220.5,228.0,44.06,0.352,EOD,2022-10-18 10:50:00+05:30,2022-10-18 15:15:00+05:30,backtest
2022-10-19,ITC,LONG,293.6,292.7,43,288.6,301.1,-103.91,-0.823,EOD,2022-10-19 11:15:00+05:30,2022-10-19 15:15:00+05:30,backtest
2022-10-19,GRASIM,LONG,1691.3,1676.35,7,1673.45,1718.07,-168.22,-1.421,EOD,2022-10-19 10:15:00+05:30,2022-10-19 15:15:00+05:30,backtest
2022-10-20,SBIN,LONG,554.3,555.95,22,548.55,562.92,-28.13,-0.231,EOD,2022-10-20 11:55:00+05:30,2022-10-20 15:15:00+05:30,backtest
2022-10-20,BAJFINANCE,SHORT,727.5,739.5,17,739.5,709.5,-268.94,-2.175,SL,2022-10-20 09:45:00+05:30,2022-10-20 14:15:00+05:30,backtest
2022-10-21,NTPC,LONG,168.35,166.6,74,166.6,170.97,-194.29,-1.56,SL,2022-10-21 09:40:00+05:30,2022-10-21 10:35:00+05:30,backtest
2022-10-28,INDUSINDBK,LONG,1154.0,1148.4,10,1140.5,1174.25,-119.02,-1.031,EOD,2022-10-28 10:10:00+05:30,2022-10-28 15:15:00+05:30,backtest
2022-10-31,HEROMOTOCO,SHORT,2497.35,2522.55,5,2522.55,2459.55,-191.1,-1.53,SL,2022-10-31 09:40:00+05:30,2022-10-31 10:20:00+05:30,backtest
2022-11-01,ITC,LONG,296.8,296.25,42,294.15,300.78,-88.01,-0.706,EOD,2022-11-01 10:05:00+05:30,2022-11-01 15:15:00+05:30,backtest
2022-11-01,WIPRO,LONG,186.8,187.55,66,184.8,189.8,-15.21,-0.123,EOD,2022-11-01 11:50:00+05:30,2022-11-01 15:15:00+05:30,backtest
2022-11-02,ONGC,LONG,124.95,123.45,99,122.35,128.85,-213.09,-1.723,EOD,2022-11-02 11:05:00+05:30,2022-11-02 15:15:00+05:30,backtest
2022-11-03,NTPC,SHORT,178.95,178.05,69,181.85,174.6,-2.53,-0.021,EOD,2022-11-03 11:00:00+05:30,2022-11-03 15:15:00+05:30,backtest
2022-11-03,GRASIM,LONG,1763.5,1733.45,7,1733.45,1808.57,-274.83,-2.226,SL,2022-11-03 09:45:00+05:30,2022-11-03 12:35:00+05:30,backtest
2022-11-04,POWERGRID,SHORT,166.6,166.25,74,168.55,163.67,-38.73,-0.314,EOD,2022-11-04 10:45:00+05:30,2022-11-04 15:15:00+05:30,backtest
2022-11-04,KOTAKBANK,SHORT,379.6,380.1,32,381.6,376.6,-80.31,-0.661,EOD,2022-11-04 10:10:00+05:30,2022-11-04 15:15:00+05:30,backtest
2022-11-07,DIVISLAB,SHORT,3715.45,3631.67,3,3771.3,3631.67,189.28,1.698,TARGET,2022-11-07 11:45:00+05:30,2022-11-07 12:50:00+05:30,backtest
2022-11-07,BHARTIARTL,SHORT,810.2,821.0,15,821.0,794.0,-226.47,-1.863,SL,2022-11-07 10:10:00+05:30,2022-11-07 14:30:00+05:30,backtest
2022-11-09,INDUSINDBK,LONG,1163.7,1147.2,10,1147.2,1188.45,-228.11,-1.96,SL,2022-11-09 09:40:00+05:30,2022-11-09 14:50:00+05:30,backtest
2022-11-11,HDFCLIFE,LONG,543.9,543.1,22,532.45,561.07,-81.51,-0.681,EOD,2022-11-11 11:00:00+05:30,2022-11-11 15:15:00+05:30,backtest
2022-11-11,M&M,LONG,1313.75,1288.05,9,1288.05,1352.3,-294.72,-2.493,SL,2022-11-11 11:50:00+05:30,2022-11-11 13:00:00+05:30,backtest
2022-11-14,ADANIENT,LONG,3931.4,3900.9,3,3869.5,4024.25,-155.0,-1.314,EOD,2022-11-14 09:35:00+05:30,2022-11-14 15:15:00+05:30,backtest
2022-11-15,ICICIBANK,LONG,906.5,911.7,13,898.8,918.05,3.96,0.034,EOD,2022-11-15 09:35:00+05:30,2022-11-15 15:15:00+05:30,backtest
2022-11-15,UPL,SHORT,738.95,739.55,16,748.1,725.23,-73.26,-0.62,EOD,2022-11-15 10:50:00+05:30,2022-11-15 15:15:00+05:30,backtest
2022-11-16,HEROMOTOCO,LONG,2575.4,2571.65,4,2550.6,2612.6,-75.59,-0.734,EOD,2022-11-16 11:30:00+05:30,2022-11-16 15:15:00+05:30,backtest
2022-11-16,HDFCBANK,LONG,813.3,816.3,14,806.0,824.25,-20.81,-0.183,EOD,2022-11-16 10:15:00+05:30,2022-11-16 15:15:00+05:30,backtest
2022-11-17,BAJAJFINSV,LONG,1697.45,1675.0,7,1675.0,1731.12,-220.76,-1.858,SL,2022-11-17 09:55:00+05:30,2022-11-17 11:00:00+05:30,backtest
2022-11-17,NTPC,SHORT,168.85,168.25,71,170.8,165.92,-21.33,-0.178,EOD,2022-11-17 10:35:00+05:30,2022-11-17 15:15:00+05:30,backtest
2022-11-18,ITC,SHORT,288.65,289.0,41,292.05,283.55,-78.03,-0.659,EOD,2022-11-18 11:00:00+05:30,2022-11-18 15:15:00+05:30,backtest
2022-11-18,DIVISLAB,LONG,3313.0,3285.0,3,3285.0,3355.0,-143.79,-1.447,SL,2022-11-18 11:40:00+05:30,2022-11-18 12:45:00+05:30,backtest
2022-11-21,HDFCLIFE,LONG,533.35,531.55,22,528.55,540.55,-103.03,-0.878,EOD,2022-11-21 11:10:00+05:30,2022-11-21 15:15:00+05:30,backtest
2022-11-22,INDUSINDBK,LONG,1153.25,1168.45,10,1138.5,1175.38,88.78,0.77,EOD,2022-11-22 09:55:00+05:30,2022-11-22 15:15:00+05:30,backtest
2022-11-22,TCS,LONG,3287.9,3316.6,3,3255.3,3336.8,26.29,0.266,EOD,2022-11-22 11:55:00+05:30,2022-11-22 15:15:00+05:30,backtest
2022-11-23,NTPC,LONG,168.0,168.15,71,166.25,170.62,-53.22,-0.446,EOD,2022-11-23 10:45:00+05:30,2022-11-23 15:15:00+05:30,backtest
2022-11-23,HDFCLIFE,LONG,547.65,547.05,21,541.0,557.62,-75.59,-0.657,EOD,2022-11-23 11:45:00+05:30,2022-11-23 15:15:00+05:30,backtest
2022-11-24,LT,LONG,2042.95,2051.7,5,2028.4,2064.78,-16.72,-0.164,EOD,2022-11-24 10:20:00+05:30,2022-11-24 15:15:00+05:30,backtest
2022-11-24,TITAN,LONG,2611.7,2595.0,4,2595.0,2636.75,-127.63,-1.222,SL,2022-11-24 09:50:00+05:30,2022-11-24 12:35:00+05:30,backtest
2022-11-25,INDUSINDBK,LONG,1188.3,1188.45,10,1176.05,1206.67,-62.27,-0.524,EOD,2022-11-25 11:40:00+05:30,2022-11-25 15:15:00+05:30,backtest
2022-11-25,GRASIM,LONG,1727.2,1728.25,6,1705.7,1759.45,-54.43,-0.525,EOD,2022-11-25 10:55:00+05:30,2022-11-25 15:15:00+05:30,backtest
2022-11-28,DRREDDY,SHORT,880.0,880.0,13,889.5,865.75,-62.88,-0.55,EOD,2022-11-28 11:45:00+05:30,2022-11-28 15:15:00+05:30,backtest
2022-11-28,NESTLEIND,LONG,980.2,991.0,12,973.0,991.0,65.95,0.561,TARGET,2022-11-28 11:10:00+05:30,2022-11-28 13:55:00+05:30,backtest
2022-11-30,BAJFINANCE,SHORT,668.0,672.0,17,675.5,656.75,-130.78,-1.152,EOD,2022-11-30 10:40:00+05:30,2022-11-30 15:15:00+05:30,backtest
2022-11-30,BAJAJFINSV,SHORT,1625.0,1625.3,7,1644.65,1595.52,-64.85,-0.57,EOD,2022-11-30 10:35:00+05:30,2022-11-30 15:15:00+05:30,backtest
2022-12-01,GRASIM,LONG,1775.95,1788.5,6,1753.05,1810.3,13.91,0.131,EOD,2022-12-01 10:30:00+05:30,2022-12-01 15:15:00+05:30,backtest
2022-12-02,GRASIM,LONG,1805.85,1815.55,6,1781.9,1841.77,-3.53,-0.033,EOD,2022-12-02 10:50:00+05:30,2022-12-02 15:15:00+05:30,backtest
2022-12-02,HCLTECH,SHORT,1130.1,1135.0,10,1138.0,1118.25,-111.65,-0.988,EOD,2022-12-02 10:15:00+05:30,2022-12-02 15:15:00+05:30,backtest
2022-12-05,ONGC,LONG,129.1,130.05,91,127.45,131.57,22.87,0.195,EOD,2022-12-05 11:45:00+05:30,2022-12-05 15:15:00+05:30,backtest
2022-12-05,UPL,LONG,760.6,771.85,15,753.1,771.85,105.76,0.927,TARGET,2022-12-05 11:55:00+05:30,2022-12-05 14:20:00+05:30,backtest
2022-12-06,CIPLA,SHORT,1106.85,1110.0,10,1117.75,1090.5,-93.67,-0.846,EOD,2022-12-06 11:10:00+05:30,2022-12-06 15:15:00+05:30,backtest
2022-12-07,BAJAJFINSV,SHORT,1626.0,1602.0,7,1642.0,1602.0,105.4,0.926,TARGET,2022-12-07 10:40:00+05:30,2022-12-07 10:50:00+05:30,backtest
2022-12-07,ITC,LONG,288.05,288.0,40,285.15,292.4,-65.04,-0.565,EOD,2022-12-07 10:35:00+05:30,2022-12-07 15:15:00+05:30,backtest
2022-12-08,BHARTIARTL,LONG,835.05,832.45,14,826.4,848.02,-99.74,-0.853,EOD,2022-12-08 09:40:00+05:30,2022-12-08 15:15:00+05:30,backtest
2022-12-08,DIVISLAB,SHORT,3320.95,3286.55,3,3350.15,3277.15,43.38,0.435,EOD,2022-12-08 10:55:00+05:30,2022-12-08 15:15:00+05:30,backtest
2022-12-09,NESTLEIND,LONG,1000.0,1011.7,11,992.2,1011.7,66.57,0.605,TARGET,2022-12-09 11:15:00+05:30,2022-12-09 15:05:00+05:30,backtest
2022-12-12,DIVISLAB,LONG,3324.0,3338.9,3,3254.65,3428.02,-15.29,-0.153,EOD,2022-12-12 09:55:00+05:30,2022-12-12 15:15:00+05:30,backtest
2022-12-12,SBILIFE,LONG,1270.4,1262.95,9,1253.05,1296.43,-129.85,-1.136,EOD,2022-12-12 10:40:00+05:30,2022-12-12 15:15:00+05:30,backtest
2022-12-13,LT,SHORT,2154.15,2175.45,5,2175.45,2122.2,-168.15,-1.561,SL,2022-12-13 10:25:00+05:30,2022-12-13 15:05:00+05:30,backtest
2022-12-14,ADANIPORTS,LONG,902.25,900.1,13,893.55,915.3,-91.38,-0.779,EOD,2022-12-14 10:20:00+05:30,2022-12-14 15:15:00+05:30,backtest
2022-12-14,ASIANPAINT,SHORT,3162.8,3150.15,3,3192.3,3118.55,-20.99,-0.221,EOD,2022-12-14 11:15:00+05:30,2022-12-14 15:15:00+05:30,backtest
2022-12-15,M&M,LONG,1292.9,1286.4,9,1281.9,1309.4,-121.71,-1.046,EOD,2022-12-15 10:25:00+05:30,2022-12-15 15:15:00+05:30,backtest
2022-12-16,NTPC,SHORT,171.3,169.6,68,173.1,168.6,52.42,0.45,EOD,2022-12-16 11:45:00+05:30,2022-12-16 15:15:00+05:30,backtest
2022-12-16,COALINDIA,SHORT,209.85,208.75,55,214.0,203.62,-2.52,-0.022,EOD,2022-12-16 10:45:00+05:30,2022-12-16 15:15:00+05:30,backtest
2022-12-20,NTPC,SHORT,169.55,169.95,68,171.4,166.78,-90.29,-0.783,EOD,2022-12-20 09:45:00+05:30,2022-12-20 15:15:00+05:30,backtest
2022-12-21,CIPLA,SHORT,1089.65,1098.15,10,1098.15,1076.9,-146.88,-1.348,SL,2022-12-21 09:35:00+05:30,2022-12-21 11:30:00+05:30,backtest
2022-12-21,NTPC,SHORT,169.4,167.0,68,171.0,167.0,100.32,0.871,TARGET,2022-12-21 11:45:00+05:30,2022-12-21 13:55:00+05:30,backtest
2022-12-22,HINDUNILVR,SHORT,2664.3,2645.85,4,2687.55,2629.43,12.56,0.118,EOD,2022-12-22 09:40:00+05:30,2022-12-22 15:15:00+05:30,backtest
2022-12-22,COALINDIA,SHORT,204.65,207.55,56,210.15,196.4,-225.48,-1.967,EOD,2022-12-22 10:40:00+05:30,2022-12-22 15:15:00+05:30,backtest
2022-12-26,TITAN,LONG,2502.35,2477.0,4,2470.25,2550.5,-161.32,-1.612,EOD,2022-12-26 11:05:00+05:30,2022-12-26 15:15:00+05:30,backtest
2022-12-26,BHARTIARTL,SHORT,802.9,812.05,14,812.05,789.17,-190.71,-1.697,SL,2022-12-26 10:20:00+05:30,2022-12-26 11:40:00+05:30,backtest
2022-12-27,HINDUNILVR,SHORT,2589.0,2594.95,4,2634.9,2520.15,-84.54,-0.816,EOD,2022-12-27 11:40:00+05:30,2022-12-27 15:15:00+05:30,backtest
2022-12-28,M&M,LONG,1248.5,1251.9,9,1225.55,1282.93,-31.9,-0.284,EOD,2022-12-28 10:50:00+05:30,2022-12-28 15:15:00+05:30,backtest
2022-12-29,UPL,LONG,698.4,689.7,16,689.7,711.45,-201.41,-1.802,SL,2022-12-29 09:40:00+05:30,2022-12-29 12:40:00+05:30,backtest
2022-12-29,POWERGRID,LONG,157.75,156.75,72,156.75,159.25,-134.64,-1.185,SL,2022-12-29 11:35:00+05:30,2022-12-29 13:25:00+05:30,backtest
2022-12-30,BAJAJ-AUTO,LONG,3514.0,3526.5,3,3479.5,3565.75,-23.62,-0.224,EOD,2022-12-30 09:50:00+05:30,2022-12-30 15:15:00+05:30,backtest
2022-12-30,TITAN,LONG,2598.95,2599.5,4,2553.45,2667.2,-58.59,-0.564,EOD,2022-12-30 10:20:00+05:30,2022-12-30 15:15:00+05:30,backtest
2023-01-02,M&M,LONG,1261.4,1262.55,9,1242.6,1289.6,-52.37,-0.461,EOD,2023-01-02 10:35:00+05:30,2023-01-02 15:15:00+05:30,backtest
2023-01-02,TECHM,SHORT,960.6,964.0,11,975.8,937.8,-98.57,-0.933,EOD,2023-01-02 10:55:00+05:30,2023-01-02 15:15:00+05:30,backtest
2023-01-03,HCLTECH,LONG,1040.0,1041.95,10,1033.5,1049.75,-41.32,-0.397,EOD,2023-01-03 09:40:00+05:30,2023-01-03 15:15:00+05:30,backtest
2023-01-03,INDUSINDBK,LONG,1243.85,1240.75,9,1223.4,1274.52,-90.26,-0.806,EOD,2023-01-03 10:05:00+05:30,2023-01-03 15:15:00+05:30,backtest
2023-01-04,ADANIENT,LONG,3745.1,3706.5,3,3706.5,3803.0,-178.15,-1.586,SL,2023-01-04 10:30:00+05:30,2023-01-04 11:05:00+05:30,backtest
2023-01-04,NTPC,SHORT,166.75,166.95,67,168.25,164.5,-75.76,-0.678,EOD,2023-01-04 10:00:00+05:30,2023-01-04 15:15:00+05:30,backtest
2023-01-06,HCLTECH,SHORT,1036.35,1033.05,10,1047.0,1020.37,-27.69,-0.267,EOD,2023-01-06 11:05:00+05:30,2023-01-06 15:15:00+05:30,backtest
2023-01-06,NTPC,LONG,171.55,169.25,65,169.25,175.0,-211.65,-1.898,SL,2023-01-06 10:40:00+05:30,2023-01-06 13:20:00+05:30,backtest
2023-01-09,SBIN,LONG,607.9,608.05,18,600.2,619.45,-59.19,-0.541,EOD,2023-01-09 11:25:00+05:30,2023-01-09 15:15:00+05:30,backtest
2023-01-10,DIVISLAB,LONG,3485.0,3506.15,3,3452.7,3533.45,2.48,0.024,EOD,2023-01-10 10:25:00+05:30,2023-01-10 15:15:00+05:30,backtest
2023-01-10,ADANIPORTS,LONG,819.5,812.6,13,812.6,829.85,-150.92,-1.417,SL,2023-01-10 10:25:00+05:30,2023-01-10 10:40:00+05:30,backtest
2023-01-11,ICICIBANK,LONG,866.7,866.9,12,855.05,884.18,-58.4,-0.562,EOD,2023-01-11 09:35:00+05:30,2023-01-11 15:15:00+05:30,backtest
2023-01-11,SUNPHARMA,LONG,1024.85,1028.1,10,1008.6,1049.22,-28.03,-0.273,EOD,2023-01-11 10:25:00+05:30,2023-01-11 15:15:00+05:30,backtest
2023-01-12,SUNPHARMA,SHORT,1022.1,1034.0,10,1034.0,1004.25,-179.56,-1.757,SL,2023-01-12 11:55:00+05:30,2023-01-12 15:00:00+05:30,backtest
2023-01-12,HEROMOTOCO,SHORT,2516.45,2529.7,4,2536.65,2486.15,-113.18,-1.124,EOD,2023-01-12 10:35:00+05:30,2023-01-12 15:15:00+05:30,backtest
2023-01-13,BAJAJFINSV,SHORT,1381.75,1392.75,7,1399.7,1354.82,-136.42,-1.41,EOD,2023-01-13 10:45:00+05:30,2023-01-13 15:15:00+05:30,backtest
2023-01-13,UPL,SHORT,685.7,690.85,16,693.55,673.93,-144.42,-1.316,EOD,2023-01-13 11:50:00+05:30,2023-01-13 15:15:00+05:30,backtest
2023-01-16,CIPLA,SHORT,1051.0,1059.2,10,1074.7,1015.45,-143.1,-1.362,EOD,2023-01-16 11:45:00+05:30,2023-01-16 15:15:00+05:30,backtest
2023-01-16,UPL,SHORT,685.85,685.1,15,693.55,674.3,-49.31,-0.479,EOD,2023-01-16 10:55:00+05:30,2023-01-16 15:15:00+05:30,backtest
2023-01-17,POWERGRID,LONG,159.95,160.35,68,157.6,163.47,-34.58,-0.318,EOD,2023-01-17 10:00:00+05:30,2023-01-17 15:15:00+05:30,backtest
2023-01-17,ITC,LONG,281.6,281.7,38,278.8,285.8,-57.61,-0.538,EOD,2023-01-17 09:45:00+05:30,2023-01-17 15:15:00+05:30,backtest
2023-01-18,KOTAKBANK,LONG,363.4,360.0,29,360.0,368.5,-159.58,-1.514,SL,2023-01-18 10:10:00+05:30,2023-01-18 13:50:00+05:30,backtest
2023-01-18,COALINDIA,LONG,200.0,198.6,54,198.6,202.1,-137.12,-1.27,SL,2023-01-18 09:45:00+05:30,2023-01-18 11:00:00+05:30,backtest
2023-01-19,LT,LONG,2271.6,2274.95,4,2241.25,2317.12,-44.79,-0.493,EOD,2023-01-19 09:50:00+05:30,2023-01-19 15:15:00+05:30,backtest
2023-01-19,SBILIFE,LONG,1325.6,1323.9,8,1303.6,1358.6,-74.8,-0.705,EOD,2023-01-19 10:50:00+05:30,2023-01-19 15:15:00+05:30,backtest
2023-01-20,EICHERMOT,LONG,3193.25,3152.8,3,3152.8,3253.92,-180.39,-1.883,SL,2023-01-20 10:05:00+05:30,2023-01-20 13:30:00+05:30,backtest
2023-01-23,M&M,LONG,1334.0,1328.55,8,1312.6,1366.1,-104.9,-0.983,EOD,2023-01-23 09:50:00+05:30,2023-01-23 15:15:00+05:30,backtest
2023-01-23,AXISBANK,LONG,938.7,932.3,11,932.3,948.3,-130.98,-1.268,SL,2023-01-23 09:40:00+05:30,2023-01-23 11:10:00+05:30,backtest
2023-01-24,ADANIENT,LONG,3392.8,3332.1,3,3332.1,3483.85,-242.27,-2.38,SL,2023-01-24 10:55:00+05:30,2023-01-24 13:05:00+05:30,backtest
2023-01-24,HCLTECH,LONG,1136.5,1137.7,9,1121.6,1158.85,-49.67,-0.486,EOD,2023-01-24 11:05:00+05:30,2023-01-24 15:15:00+05:30,backtest
2023-01-25,WIPRO,SHORT,191.75,191.95,55,193.95,188.45,-72.1,-0.684,EOD,2023-01-25 11:20:00+05:30,2023-01-25 15:15:00+05:30,backtest
2023-01-25,HINDUNILVR,LONG,2616.6,2624.2,4,2595.0,2649.0,-30.56,-0.292,EOD,2023-01-25 09:45:00+05:30,2023-01-25 15:15:00+05:30,backtest
2023-01-27,GRASIM,SHORT,1572.75,1573.75,6,1596.15,1537.65,-64.88,-0.688,EOD,2023-01-27 11:45:00+05:30,2023-01-27 15:15:00+05:30,backtest
2023-01-30,HCLTECH,LONG,1124.2,1134.9,9,1106.1,1151.35,35.97,0.355,EOD,2023-01-30 11:25:00+05:30,2023-01-30 15:15:00+05:30,backtest
2023-01-31,GRASIM,SHORT,1584.05,1585.6,6,1614.55,1538.3,-68.32,-0.719,EOD,2023-01-31 10:45:00+05:30,2023-01-31 15:15:00+05:30,backtest
2023-01-31,DRREDDY,SHORT,860.05,862.7,12,875.25,837.25,-92.47,-0.896,EOD,2023-01-31 09:55:00+05:30,2023-01-31 15:15:00+05:30,backtest
2023-02-01,HINDUNILVR,LONG,2601.1,2577.85,4,2577.85,2635.97,-153.72,-1.477,SL,2023-02-01 10:00:00+05:30,2023-02-01 11:35:00+05:30,backtest
2023-02-01,LT,LONG,2140.55,2177.15,4,2116.15,2177.15,89.13,1.041,TARGET,2023-02-01 11:30:00+05:30,2023-02-01 11:55:00+05:30,backtest
2023-02-02,TATASTEEL,SHORT,112.28,113.55,80,116.19,106.42,-159.67,-1.778,EOD,2023-02-02 10:00:00+05:30,2023-02-02 15:15:00+05:30,backtest
2023-02-03,DRREDDY,SHORT,874.7,870.6,11,884.75,859.63,-14.1,-0.147,EOD,2023-02-03 11:10:00+05:30,2023-02-03 15:15:00+05:30,backtest
2023-02-03,GRASIM,SHORT,1575.25,1601.6,6,1601.6,1535.73,-217.16,-2.298,SL,2023-02-03 10:35:00+05:30,2023-02-03 14:15:00+05:30,backtest
2023-02-06,HDFCLIFE,SHORT,476.2,482.6,21,489.75,455.88,-194.53,-1.945,EOD,2023-02-06 09:40:00+05:30,2023-02-06 15:15:00+05:30,backtest
2023-02-06,INDUSINDBK,LONG,1127.65,1127.95,9,1100.55,1168.3,-57.6,-0.568,EOD,2023-02-06 09:50:00+05:30,2023-02-06 15:15:00+05:30,backtest
2023-02-07,AXISBANK,SHORT,877.25,878.6,11,888.35,860.6,-74.16,-0.769,EOD,2023-02-07 10:05:00+05:30,2023-02-07 15:15:00+05:30,backtest
2023-02-07,HEROMOTOCO,SHORT,2502.75,2459.92,4,2531.3,2459.92,111.45,1.113,TARGET,2023-02-07 10:00:00+05:30,2023-02-07 12:50:00+05:30,backtest
2023-02-08,RELIANCE,LONG,1116.2,1121.0,9,1099.5,1141.25,-16.93,-0.169,EOD,2023-02-08 09:40:00+05:30,2023-02-08 15:15:00+05:30,backtest
2023-02-08,UPL,LONG,686.45,692.9,15,681.05,694.55,36.06,0.35,EOD,2023-02-08 09:40:00+05:30,2023-02-08 15:15:00+05:30,backtest
2023-02-09,HDFCLIFE,LONG,511.9,518.3,20,502.25,526.38,67.4,0.658,EOD,2023-02-09 10:00:00+05:30,2023-02-09 15:15:00+05:30,backtest
2023-02-09,ASIANPAINT,LONG,2800.45,2812.95,3,2766.3,2851.67,-19.34,-0.23,EOD,2023-02-09 11:45:00+05:30,2023-02-09 15:15:00+05:30,backtest
2023-02-10,SBILIFE,LONG,1183.05,1185.0,8,1169.1,1203.97,-43.34,-0.458,EOD,2023-02-10 10:35:00+05:30,2023-02-10 15:15:00+05:30,backtest
2023-02-13,SUNPHARMA,LONG,1015.4,1005.0,10,1005.0,1031.0,-164.2,-1.617,SL,2023-02-13 09:40:00+05:30,2023-02-13 12:10:00+05:30,backtest
2023-02-13,SBIN,SHORT,537.6,537.55,16,556.85,508.73,-56.4,-0.656,EOD,2023-02-13 10:00:00+05:30,2023-02-13 15:15:00+05:30,backtest
2023-02-14,COALINDIA,LONG,199.25,197.15,51,197.15,202.4,-167.32,-1.647,SL,2023-02-14 10:00:00+05:30,2023-02-14 10:55:00+05:30,backtest
2023-02-14,HCLTECH,LONG,1136.6,1123.8,9,1118.0,1164.5,-175.54,-1.716,EOD,2023-02-14 09:55:00+05:30,2023-02-14 15:15:00+05:30,backtest
2023-02-15,BAJFINANCE,LONG,647.5,649.0,15,640.0,658.75,-36.95,-0.38,EOD,2023-02-15 10:00:00+05:30,2023-02-15 15:15:00+05:30,backtest
2023-02-15,HEROMOTOCO,SHORT,2380.8,2406.65,4,2406.65,2342.03,-162.55,-1.707,SL,2023-02-15 10:50:00+05:30,2023-02-15 14:30:00+05:30,backtest
2023-02-16,ASIANPAINT,LONG,2826.0,2805.15,3,2791.0,2878.5,-119.44,-1.409,EOD,2023-02-16 10:10:00+05:30,2023-02-16 15:15:00+05:30,backtest
2023-02-16,DIVISLAB,LONG,2859.25,2872.45,3,2828.0,2906.12,-17.6,-0.205,EOD,2023-02-16 09:50:00+05:30,2023-02-16 15:15:00+05:30,backtest
2023-02-17,COALINDIA,LONG,201.6,202.6,50,199.45,204.82,-10.21,-0.101,EOD,2023-02-17 10:10:00+05:30,2023-02-17 15:15:00+05:30,backtest
2023-02-17,KOTAKBANK,SHORT,355.6,352.3,28,357.8,352.3,32.58,0.327,TARGET,2023-02-17 09:50:00+05:30,2023-02-17 12:55:00+05:30,backtest
2023-02-20,ICICIBANK,SHORT,857.65,851.0,11,866.55,844.3,14.35,0.152,EOD,2023-02-20 11:25:00+05:30,2023-02-20 15:15:00+05:30,backtest
2023-02-20,DRREDDY,SHORT,901.5,894.65,11,907.7,892.2,15.59,0.157,EOD,2023-02-20 11:40:00+05:30,2023-02-20 15:15:00+05:30,backtest
2023-02-21,LT,LONG,2251.8,2225.7,4,2225.7,2290.95,-162.31,-1.802,SL,2023-02-21 10:20:00+05:30,2023-02-21 14:30:00+05:30,backtest
2023-02-21,HDFCBANK,LONG,823.2,822.9,12,817.7,831.45,-63.35,-0.641,EOD,2023-02-21 09:40:00+05:30,2023-02-21 15:15:00+05:30,backtest
2023-02-22,AXISBANK,SHORT,836.25,835.25,12,843.0,826.12,-48.06,-0.479,EOD,2023-02-22 09:40:00+05:30,2023-02-22 15:15:00+05:30,backtest
2023-02-22,ICICIBANK,SHORT,844.0,839.85,11,854.1,828.85,-12.87,-0.139,EOD,2023-02-22 11:00:00+05:30,2023-02-22 15:15:00+05:30,backtest
2023-02-23,ITC,LONG,330.75,328.5,30,324.55,340.05,-127.28,-1.283,EOD,2023-02-23 10:25:00+05:30,2023-02-23 15:15:00+05:30,backtest
2023-02-23,SUNPHARMA,LONG,974.1,971.1,10,964.05,989.18,-89.45,-0.918,EOD,2023-02-23 09:55:00+05:30,2023-02-23 15:15:00+05:30,backtest
2023-02-24,SBILIFE,SHORT,1134.3,1122.45,8,1142.2,1122.45,36.75,0.405,TARGET,2023-02-24 11:35:00+05:30,2023-02-24 14:00:00+05:30,backtest
2023-02-24,TITAN,LONG,2406.3,2397.25,4,2378.0,2448.75,-95.41,-0.991,EOD,2023-02-24 10:00:00+05:30,2023-02-24 15:15:00+05:30,backtest
2023-02-27,CIPLA,SHORT,957.25,950.55,10,968.6,940.22,7.92,0.083,EOD,2023-02-27 10:40:00+05:30,2023-02-27 15:15:00+05:30,backtest
2023-02-28,SBILIFE,SHORT,1122.4,1123.55,8,1134.7,1103.95,-67.17,-0.748,EOD,2023-02-28 10:40:00+05:30,2023-02-28 15:15:00+05:30,backtest
2023-02-28,BAJAJFINSV,SHORT,1352.0,1336.0,7,1367.95,1328.07,53.18,0.562,EOD,2023-02-28 11:55:00+05:30,2023-02-28 15:15:00+05:30,backtest
2023-03-01,INDUSINDBK,LONG,1087.45,1097.8,9,1071.0,1112.12,33.48,0.342,EOD,2023-03-01 10:25:00+05:30,2023-03-01 15:15:00+05:30,backtest
2023-03-01,POWERGRID,SHORT,160.45,160.6,62,163.15,156.4,-69.21,-0.696,EOD,2023-03-01 10:40:00+05:30,2023-03-01 15:15:00+05:30,backtest
2023-03-02,RELIANCE,SHORT,1112.7,1109.4,9,1120.8,1100.55,-30.3,-0.303,EOD,2023-03-02 10:30:00+05:30,2023-03-02 15:15:00+05:30,backtest
2023-03-02,GRASIM,LONG,1595.4,1591.6,6,1581.75,1615.88,-81.92,-0.856,EOD,2023-03-02 10:15:00+05:30,2023-03-02 15:15:00+05:30,backtest
2023-03-03,SUNPHARMA,SHORT,961.25,968.7,10,968.7,950.07,-133.8,-1.392,SL,2023-03-03 10:05:00+05:30,2023-03-03 11:30:00+05:30,backtest
2023-03-03,HDFCBANK,LONG,803.4,807.6,12,794.0,817.5,-8.93,-0.093,EOD,2023-03-03 10:05:00+05:30,2023-03-03 15:15:00+05:30,backtest
2023-03-06,DIVISLAB,LONG,2877.8,2850.35,3,2850.35,2918.98,-139.53,-1.616,SL,2023-03-06 10:35:00+05:30,2023-03-06 13:50:00+05:30,backtest
2023-03-06,INDUSINDBK,SHORT,1129.6,1119.4,8,1136.4,1119.4,23.61,0.261,TARGET,2023-03-06 11:05:00+05:30,2023-03-06 14:35:00+05:30,backtest
2023-03-08,BHARTIARTL,LONG,767.4,766.2,12,760.7,777.45,-72.8,-0.791,EOD,2023-03-08 09:55:00+05:30,2023-03-08 15:15:00+05:30,backtest
2023-03-08,SUNPHARMA,SHORT,950.1,957.5,10,965.0,927.75,-133.08,-1.401,EOD,2023-03-08 10:40:00+05:30,2023-03-08 15:15:00+05:30,backtest
2023-03-09,HDFCBANK,LONG,818.3,815.0,12,813.5,825.5,-99.2,-1.01,EOD,2023-03-09 10:50:00+05:30,2023-03-09 15:15:00+05:30,backtest
2023-03-09,KOTAKBANK,SHORT,347.0,344.15,28,348.9,344.15,20.45,0.21,TARGET,2023-03-09 10:35:00+05:30,2023-03-09 12:05:00+05:30,backtest
2023-03-10,SBILIFE,LONG,1096.65,1096.6,8,1086.05,1112.55,-57.95,-0.66,EOD,2023-03-10 10:05:00+05:30,2023-03-10 15:15:00+05:30,backtest
2023-03-13,HINDUNILVR,LONG,2484.65,2448.65,3,2448.65,2538.65,-162.8,-2.184,SL,2023-03-13 10:20:00+05:30,2023-03-13 14:05:00+05:30,backtest
2023-03-13,POWERGRID,LONG,168.6,165.7,58,165.7,172.95,-227.59,-2.327,SL,2023-03-13 09:55:00+05:30,2023-03-13 14:35:00+05:30,backtest
2023-03-14,HDFCBANK,SHORT,781.7,783.2,12,791.5,767.0,-76.78,-0.819,EOD,2023-03-14 11:10:00+05:30,2023-03-14 15:15:00+05:30,backtest
2023-03-14,CIPLA,SHORT,869.25,872.0,11,883.7,847.57,-89.4,-0.935,EOD,2023-03-14 10:35:00+05:30,2023-03-14 15:15:00+05:30,backtest
2023-03-15,HDFCBANK,SHORT,783.5,773.9,12,789.9,773.9,56.51,0.601,TARGET,2023-03-15 10:05:00+05:30,2023-03-15 14:35:00+05:30,backtest
2023-03-15,ICICIBANK,SHORT,835.95,825.7,11,843.95,823.95,54.47,0.592,EOD,2023-03-15 11:25:00+05:30,2023-03-15 15:15:00+05:30,backtest
2023-03-16,HEROMOTOCO,LONG,2233.95,2212.5,4,2209.6,2270.47,-143.59,-1.607,EOD,2023-03-16 10:15:00+05:30,2023-03-16 15:15:00+05:30,backtest
2023-03-16,CIPLA,LONG,888.4,883.0,10,876.75,905.88,-111.71,-1.257,EOD,2023-03-16 11:55:00+05:30,2023-03-16 15:15:00+05:30,backtest
2023-03-17,KOTAKBANK,LONG,337.1,335.0,28,335.0,340.25,-117.62,-1.246,SL,2023-03-17 10:35:00+05:30,2023-03-17 12:10:00+05:30,backtest
2023-03-20,AXISBANK,LONG,838.8,828.8,11,828.8,853.8,-168.34,-1.825,SL,2023-03-20 10:55:00+05:30,2023-03-20 12:05:00+05:30,backtest
2023-03-21,DRREDDY,LONG,891.8,884.3,10,884.3,903.05,-132.76,-1.489,SL,2023-03-21 09:35:00+05:30,2023-03-21 14:55:00+05:30,backtest
2023-03-21,KOTAKBANK,SHORT,338.7,341.8,28,341.8,334.05,-145.85,-1.538,SL,2023-03-21 11:50:00+05:30,2023-03-21 14:00:00+05:30,backtest
2023-03-22,BHARTIARTL,SHORT,754.5,756.65,12,763.2,741.45,-83.93,-0.927,EOD,2023-03-22 11:15:00+05:30,2023-03-22 15:15:00+05:30,backtest
2023-03-23,NTPC,LONG,175.2,174.55,54,173.7,177.45,-93.99,-0.993,EOD,2023-03-23 10:20:00+05:30,2023-03-23 15:15:00+05:30,backtest
2023-03-23,HINDUNILVR,LONG,2481.6,2485.95,3,2466.35,2504.47,-41.85,-0.562,EOD,2023-03-23 11:20:00+05:30,2023-03-23 15:15:00+05:30,backtest
2023-03-24,HDFCBANK,LONG,783.5,781.0,12,777.5,792.5,-88.77,-0.944,EOD,2023-03-24 11:20:00+05:30,2023-03-24 15:15:00+05:30,backtest
2023-03-24,CIPLA,LONG,873.95,877.1,10,866.35,885.35,-26.01,-0.298,EOD,2023-03-24 10:55:00+05:30,2023-03-24 15:15:00+05:30,backtest
2023-03-27,ITC,LONG,323.3,321.9,29,318.85,329.98,-99.31,-1.059,EOD,2023-03-27 10:05:00+05:30,2023-03-27 15:15:00+05:30,backtest
2023-03-27,TITAN,LONG,2503.45,2494.1,3,2466.8,2558.42,-83.04,-1.106,EOD,2023-03-27 11:40:00+05:30,2023-03-27 15:15:00+05:30,backtest
2023-03-28,HEROMOTOCO,SHORT,2122.25,2097.35,4,2154.55,2073.8,42.72,0.503,EOD,2023-03-28 10:25:00+05:30,2023-03-28 15:15:00+05:30,backtest
2023-03-28,DRREDDY,LONG,904.0,905.0,10,896.0,916.0,-48.09,-0.532,EOD,2023-03-28 10:10:00+05:30,2023-03-28 15:15:00+05:30,backtest
2023-03-29,ASIANPAINT,SHORT,2760.0,2772.0,3,2790.8,2713.8,-92.6,-1.118,EOD,2023-03-29 11:35:00+05:30,2023-03-29 15:15:00+05:30,backtest
2023-04-06,M&M,LONG,1166.6,1170.5,8,1148.3,1194.05,-27.5,-0.295,EOD,2023-04-06 11:45:00+05:30,2023-04-06 15:15:00+05:30,backtest
2023-04-06,INFY,LONG,1423.35,1420.75,6,1410.35,1442.85,-72.66,-0.851,EOD,2023-04-06 11:20:00+05:30,2023-04-06 15:15:00+05:30,backtest
2023-04-10,UPL,LONG,701.95,708.18,13,697.8,708.18,22.59,0.248,TARGET,2023-04-10 10:10:00+05:30,2023-04-10 14:40:00+05:30,backtest
2023-04-10,NTPC,LONG,177.0,177.6,52,175.2,179.7,-27.24,-0.296,EOD,2023-04-10 10:15:00+05:30,2023-04-10 15:15:00+05:30,backtest
2023-04-11,JSWSTEEL,LONG,696.2,706.25,13,689.5,706.25,72.42,0.8,TARGET,2023-04-11 10:00:00+05:30,2023-04-11 10:45:00+05:30,backtest
2023-04-11,NESTLEIND,SHORT,974.5,984.0,9,984.0,960.25,-143.13,-1.632,SL,2023-04-11 10:55:00+05:30,2023-04-11 15:00:00+05:30,backtest
2023-04-12,ASIANPAINT,LONG,2768.95,2792.05,3,2753.55,2792.05,12.62,0.152,TARGET,2023-04-12 10:50:00+05:30,2023-04-12 12:15:00+05:30,backtest
2023-04-12,HCLTECH,LONG,1093.65,1094.95,8,1080.1,1113.98,-47.11,-0.538,EOD,2023-04-12 11:40:00+05:30,2023-04-12 15:15:00+05:30,backtest
2023-04-17,SUNPHARMA,SHORT,999.05,998.85,9,1009.55,983.3,-56.18,-0.625,EOD,2023-04-17 10:45:00+05:30,2023-04-17 15:15:00+05:30,backtest
2023-04-18,LT,SHORT,2201.15,2216.25,4,2230.0,2157.88,-118.07,-1.341,EOD,2023-04-18 11:05:00+05:30,2023-04-18 15:15:00+05:30,backtest
2023-04-19,ICICIBANK,SHORT,889.55,892.3,10,896.9,878.52,-85.32,-0.959,EOD,2023-04-19 11:05:00+05:30,2023-04-19 15:15:00+05:30,backtest
2023-04-19,SBILIFE,SHORT,1135.15,1123.3,8,1145.25,1120.0,36.73,0.404,EOD,2023-04-19 10:30:00+05:30,2023-04-19 15:15:00+05:30,backtest
2023-04-20,RELIANCE,SHORT,1113.1,1119.5,8,1124.05,1096.67,-109.06,-1.225,EOD,2023-04-20 11:40:00+05:30,2023-04-20 15:15:00+05:30,backtest
2023-04-20,TCS,SHORT,3084.3,3104.8,3,3112.75,3041.63,-120.07,-1.298,EOD,2023-04-20 10:20:00+05:30,2023-04-20 15:15:00+05:30,backtest
2023-04-21,ITC,LONG,340.55,344.3,27,338.05,344.3,42.76,0.465,TARGET,2023-04-21 10:45:00+05:30,2023-04-21 13:05:00+05:30,backtest
2023-04-24,BHARTIARTL,SHORT,758.05,760.3,12,767.15,744.4,-85.22,-0.937,EOD,2023-04-24 11:25:00+05:30,2023-04-24 15:15:00+05:30,backtest
2023-04-24,M&M,SHORT,1198.0,1207.8,7,1216.85,1169.73,-125.44,-1.496,EOD,2023-04-24 10:25:00+05:30,2023-04-24 15:15:00+05:30,backtest
2023-04-25,NESTLEIND,SHORT,1029.0,1016.25,8,1037.5,1016.25,45.64,0.554,TARGET,2023-04-25 10:45:00+05:30,2023-04-25 10:50:00+05:30,backtest
2023-04-25,ITC,LONG,349.65,349.05,26,345.15,356.4,-73.77,-0.811,EOD,2023-04-25 11:30:00+05:30,2023-04-25 15:15:00+05:30,backtest
2023-04-26,HINDUNILVR,LONG,2500.4,2509.1,3,2482.45,2527.33,-28.93,-0.386,EOD,2023-04-26 10:00:00+05:30,2023-04-26 15:15:00+05:30,backtest
2023-04-26,ADANIENT,LONG,1809.5,1792.1,5,1771.2,1866.95,-145.01,-1.603,EOD,2023-04-26 09:40:00+05:30,2023-04-26 15:15:00+05:30,backtest
2023-04-27,HINDUNILVR,SHORT,2487.55,2469.95,3,2522.0,2435.88,-2.07,-0.028,EOD,2023-04-27 10:55:00+05:30,2023-04-27 15:15:00+05:30,backtest
2023-04-27,TECHM,LONG,960.2,957.0,9,948.7,977.45,-86.05,-0.996,EOD,2023-04-27 11:35:00+05:30,2023-04-27 15:15:00+05:30,backtest
2023-04-28,ADANIPORTS,LONG,675.0,680.95,13,662.15,694.28,19.72,0.225,EOD,2023-04-28 10:10:00+05:30,2023-04-28 15:15:00+05:30,backtest
2023-04-28,ADANIENT,LONG,1861.0,1865.0,4,1801.4,1950.4,-38.9,-0.523,EOD,2023-04-28 10:20:00+05:30,2023-04-28 15:15:00+05:30,backtest
2023-05-02,M&M,LONG,1237.4,1237.35,7,1220.65,1262.53,-57.67,-0.666,EOD,2023-05-02 10:55:00+05:30,2023-05-02 15:15:00+05:30,backtest
2023-05-02,JSWSTEEL,LONG,733.7,741.5,12,728.5,741.5,35.9,0.408,TARGET,2023-05-02 09:40:00+05:30,2023-05-02 10:05:00+05:30,backtest
2023-05-03,AXISBANK,SHORT,860.55,860.05,10,865.0,853.87,-52.21,-0.607,EOD,2023-05-03 11:15:00+05:30,2023-05-03 15:15:00+05:30,backtest
2023-05-03,ITC,LONG,362.25,362.1,25,357.55,369.3,-61.86,-0.683,EOD,2023-05-03 09:55:00+05:30,2023-05-03 15:15:00+05:30,backtest
2023-05-04,DRREDDY,LONG,993.4,993.7,9,984.05,1007.42,-55.18,-0.617,EOD,2023-05-04 09:40:00+05:30,2023-05-04 15:15:00+05:30,backtest
2023-05-04,M&M,SHORT,1229.1,1231.9,7,1237.45,1216.57,-76.83,-0.893,EOD,2023-05-04 10:15:00+05:30,2023-05-04 15:15:00+05:30,backtest
2023-05-05,ADANIPORTS,LONG,690.0,684.8,13,677.5,708.75,-125.47,-1.399,EOD,2023-05-05 11:35:00+05:30,2023-05-05 15:15:00+05:30,backtest
2023-05-05,ASIANPAINT,LONG,2993.2,3015.05,3,2956.0,3049.0,7.53,0.084,EOD,2023-05-05 11:10:00+05:30,2023-05-05 15:15:00+05:30,backtest
2023-05-08,CIPLA,SHORT,922.0,929.8,9,929.8,910.3,-126.87,-1.529,SL,2023-05-08 10:15:00+05:30,2023-05-08 14:35:00+05:30,backtest
2023-05-08,LT,SHORT,2369.45,2364.0,3,2385.0,2346.12,-37.85,-0.532,EOD,2023-05-08 09:45:00+05:30,2023-05-08 15:15:00+05:30,backtest
2023-05-09,ICICIBANK,LONG,943.2,938.05,9,938.05,950.93,-103.28,-1.217,SL,2023-05-09 10:55:00+05:30,2023-05-09 13:55:00+05:30,backtest
2023-05-09,GRASIM,SHORT,1766.0,1759.7,5,1781.15,1743.27,-26.13,-0.296,EOD,2023-05-09 10:30:00+05:30,2023-05-09 15:15:00+05:30,backtest
2023-05-10,BAJFINANCE,LONG,663.0,663.5,13,653.0,678.0,-50.74,-0.589,EOD,2023-05-10 11:15:00+05:30,2023-05-10 15:15:00+05:30,backtest
2023-05-10,LT,SHORT,2364.5,2365.9,3,2388.9,2327.9,-58.39,-0.823,EOD,2023-05-10 11:40:00+05:30,2023-05-10 15:15:00+05:30,backtest
2023-05-11,GRASIM,LONG,1775.55,1758.15,5,1758.15,1801.65,-144.67,-1.63,SL,2023-05-11 10:50:00+05:30,2023-05-11 14:55:00+05:30,backtest
2023-05-11,M&M,SHORT,1248.0,1254.7,7,1254.7,1237.95,-104.42,-1.195,SL,2023-05-11 11:45:00+05:30,2023-05-11 13:10:00+05:30,backtest
2023-05-12,SUNPHARMA,LONG,962.5,953.8,9,953.8,975.55,-135.55,-1.565,SL,2023-05-12 11:15:00+05:30,2023-05-12 15:00:00+05:30,backtest
2023-05-12,BAJFINANCE,LONG,670.5,671.0,13,660.5,685.5,-50.94,-0.584,EOD,2023-05-12 10:25:00+05:30,2023-05-12 15:15:00+05:30,backtest
2023-05-15,COALINDIA,LONG,220.1,221.2,39,217.75,223.62,-14.31,-0.167,EOD,2023-05-15 09:55:00+05:30,2023-05-15 15:15:00+05:30,backtest
2023-05-15,HCLTECH,LONG,1102.5,1095.8,7,1092.8,1117.05,-102.29,-1.325,EOD,2023-05-15 10:15:00+05:30,2023-05-15 15:15:00+05:30,backtest
2023-05-16,AXISBANK,LONG,918.6,917.15,9,912.0,928.5,-69.57,-0.842,EOD,2023-05-16 10:10:00+05:30,2023-05-16 15:15:00+05:30,backtest
2023-05-17,GRASIM,LONG,1728.7,1716.05,5,1716.05,1747.68,-120.47,-1.394,SL,2023-05-17 09:45:00+05:30,2023-05-17 11:20:00+05:30,backtest
2023-05-17,NESTLEIND,LONG,1093.0,1087.0,7,1087.0,1102.0,-97.26,-1.271,SL,2023-05-17 11:05:00+05:30,2023-05-17 11:30:00+05:30,backtest
2023-05-18,HINDUNILVR,SHORT,2652.2,2627.07,3,2668.95,2627.07,19.54,0.246,TARGET,2023-05-18 09:45:00+05:30,2023-05-18 15:10:00+05:30,backtest
2023-05-18,BHARTIARTL,LONG,802.0,798.45,10,795.5,811.75,-91.5,-1.141,EOD,2023-05-18 11:05:00+05:30,2023-05-18 15:15:00+05:30,backtest
2023-05-19,HINDUNILVR,SHORT,2610.7,2636.2,3,2636.2,2572.45,-132.24,-1.688,SL,2023-05-19 10:10:00+05:30,2023-05-19 15:00:00+05:30,backtest
2023-05-19,TECHM,LONG,1024.1,1025.2,8,1005.5,1052.0,-47.59,-0.581,EOD,2023-05-19 10:25:00+05:30,2023-05-19 15:15:00+05:30,backtest
2023-05-22,ITC,LONG,360.1,359.95,23,355.05,367.68,-60.01,-0.725,EOD,2023-05-22 11:20:00+05:30,2023-05-22 15:15:00+05:30,backtest
2023-05-22,SUNPHARMA,LONG,942.7,937.95,9,922.85,972.48,-99.68,-1.175,EOD,2023-05-22 11:00:00+05:30,2023-05-22 15:15:00+05:30,backtest
2023-05-23,SUNPHARMA,SHORT,934.65,931.85,9,943.5,921.38,-31.6,-0.376,EOD,2023-05-23 09:45:00+05:30,2023-05-23 15:15:00+05:30,backtest
2023-05-23,CIPLA,LONG,930.0,930.05,9,919.8,945.3,-56.29,-0.673,EOD,2023-05-23 11:15:00+05:30,2023-05-23 15:15:00+05:30,backtest
2023-05-24,SUNPHARMA,LONG,945.35,953.0,9,933.5,963.12,11.76,0.138,EOD,2023-05-24 11:35:00+05:30,2023-05-24 15:15:00+05:30,backtest
2023-05-25,HEROMOTOCO,LONG,2587.75,2558.8,3,2558.8,2631.17,-142.29,-1.833,SL,2023-05-25 09:45:00+05:30,2023-05-25 11:30:00+05:30,backtest
2023-05-26,JSWSTEEL,LONG,703.15,702.4,12,694.15,716.65,-65.87,-0.781,EOD,2023-05-26 10:45:00+05:30,2023-05-26 15:15:00+05:30,backtest
2023-05-26,HINDALCO,LONG,410.55,413.7,20,403.1,421.73,6.51,0.079,EOD,2023-05-26 10:20:00+05:30,2023-05-26 15:15:00+05:30,backtest
2023-05-29,COALINDIA,LONG,227.05,229.25,37,224.2,231.33,24.52,0.292,EOD,2023-05-29 11:35:00+05:30,2023-05-29 15:15:00+05:30,backtest
2023-05-29,DRREDDY,LONG,911.6,910.8,9,904.0,923.0,-63.6,-0.775,EOD,2023-05-29 09:40:00+05:30,2023-05-29 15:15:00+05:30,backtest
2023-05-30,LT,SHORT,2217.35,2210.05,3,2234.0,2192.38,-31.38,-0.472,EOD,2023-05-30 10:55:00+05:30,2023-05-30 15:15:00+05:30,backtest
2023-05-30,JSWSTEEL,LONG,714.25,704.15,11,697.9,738.78,-166.7,-2.122,EOD,2023-05-30 09:50:00+05:30,2023-05-30 15:15:00+05:30,backtest
2023-05-31,HDFCBANK,SHORT,807.7,805.3,10,817.5,793.0,-32.13,-0.398,EOD,2023-05-31 10:25:00+05:30,2023-05-31 15:15:00+05:30,backtest
2023-06-01,CIPLA,LONG,955.25,964.55,8,946.8,967.93,19.04,0.249,EOD,2023-06-01 11:35:00+05:30,2023-06-01 15:15:00+05:30,backtest
2023-06-01,NESTLEIND,LONG,1092.5,1093.9,7,1078.6,1113.35,-45.5,-0.595,EOD,2023-06-01 11:45:00+05:30,2023-06-01 15:15:00+05:30,backtest
2023-06-02,RELIANCE,SHORT,1170.15,1170.1,7,1183.2,1150.58,-56.03,-0.684,EOD,2023-06-02 11:40:00+05:30,2023-06-02 15:15:00+05:30,backtest
2023-06-05,SUNPHARMA,LONG,1012.15,1008.5,8,998.55,1032.55,-85.37,-1.054,EOD,2023-06-05 09:55:00+05:30,2023-06-05 15:15:00+05:30,backtest
2023-06-05,NESTLEIND,SHORT,1095.2,1091.8,7,1102.8,1083.8,-31.51,-0.411,EOD,2023-06-05 11:00:00+05:30,2023-06-05 15:15:00+05:30,backtest
2023-06-06,HDFCLIFE,SHORT,570.5,576.25,14,576.25,561.88,-136.55,-1.71,SL,2023-06-06 10:35:00+05:30,2023-06-06 13:35:00+05:30,backtest
2023-06-06,NTPC,LONG,175.25,175.45,47,173.6,177.73,-47.08,-0.572,EOD,2023-06-06 10:10:00+05:30,2023-06-06 15:15:00+05:30,backtest
2023-06-07,ITC,LONG,377.5,375.15,22,375.15,381.03,-108.26,-1.304,SL,2023-06-07 09:55:00+05:30,2023-06-07 11:25:00+05:30,backtest
2023-06-07,ICICIBANK,SHORT,935.5,940.45,8,945.85,919.97,-94.61,-1.264,EOD,2023-06-07 10:50:00+05:30,2023-06-07 15:15:00+05:30,backtest
2023-06-08,ADANIPORTS,SHORT,734.0,736.65,11,747.7,713.45,-85.33,-1.057,EOD,2023-06-08 11:30:00+05:30,2023-06-08 15:15:00+05:30,backtest
2023-06-08,ADANIENT,SHORT,2313.0,2354.1,3,2384.9,2205.15,-177.3,-2.555,EOD,2023-06-08 11:30:00+05:30,2023-06-08 15:15:00+05:30,backtest
2023-06-09,LT,LONG,2357.6,2364.7,3,2338.25,2386.62,-32.87,-0.465,EOD,2023-06-09 09:35:00+05:30,2023-06-09 15:15:00+05:30,backtest
2023-06-09,BHARTIARTL,SHORT,830.4,834.0,9,839.8,816.3,-87.38,-1.169,EOD,2023-06-09 10:30:00+05:30,2023-06-09 15:15:00+05:30,backtest
2023-06-12,HDFCBANK,SHORT,803.5,800.3,10,807.9,796.9,-24.04,-0.299,EOD,2023-06-12 09:45:00+05:30,2023-06-12 15:15:00+05:30,backtest
2023-06-12,ADANIPORTS,LONG,743.85,742.0,11,733.6,759.23,-76.69,-0.937,EOD,2023-06-12 10:15:00+05:30,2023-06-12 15:15:00+05:30,backtest
2023-06-13,TATASTEEL,LONG,105.0,105.15,77,103.73,106.91,-44.63,-0.552,EOD,2023-06-13 11:55:00+05:30,2023-06-13 15:15:00+05:30,backtest
2023-06-13,KOTAKBANK,SHORT,372.9,371.9,21,376.6,367.35,-34.64,-0.442,EOD,2023-06-13 10:30:00+05:30,2023-06-13 15:15:00+05:30,backtest
2023-06-14,GRASIM,LONG,1751.05,1773.65,4,1731.1,1780.97,36.3,0.518,EOD,2023-06-14 11:45:00+05:30,2023-06-14 15:15:00+05:30,backtest
2023-06-15,M&M,LONG,1392.15,1392.0,5,1373.45,1420.2,-54.67,-0.785,EOD,2023-06-15 10:20:00+05:30,2023-06-15 15:15:00+05:30,backtest
2023-06-15,LT,LONG,2365.6,2359.9,3,2349.0,2390.5,-71.28,-1.004,EOD,2023-06-15 10:25:00+05:30,2023-06-15 15:15:00+05:30,backtest
2023-06-16,SBILIFE,LONG,1252.7,1277.68,6,1236.05,1277.68,94.67,1.26,TARGET,2023-06-16 10:00:00+05:30,2023-06-16 12:10:00+05:30,backtest
2023-06-16,ITC,LONG,383.3,384.25,21,379.55,388.93,-36.17,-0.449,EOD,2023-06-16 09:45:00+05:30,2023-06-16 15:15:00+05:30,backtest
2023-06-19,M&M,SHORT,1402.9,1411.45,5,1411.45,1390.08,-96.82,-1.38,SL,2023-06-19 09:40:00+05:30,2023-06-19 11:20:00+05:30,backtest
2023-06-19,KOTAKBANK,SHORT,370.2,365.55,21,373.3,365.55,42.2,0.543,TARGET,2023-06-19 09:45:00+05:30,2023-06-19 10:30:00+05:30,backtest
2023-06-20,TATASTEEL,LONG,108.86,108.13,74,107.44,110.99,-110.08,-1.366,EOD,2023-06-20 09:55:00+05:30,2023-06-20 15:15:00+05:30,backtest
2023-06-20,CIPLA,SHORT,1010.0,1010.0,8,1017.9,998.15,-56.16,-0.695,EOD,2023-06-20 10:25:00+05:30,2023-06-20 15:15:00+05:30,backtest
2023-06-21,ADANIENT,SHORT,2326.8,2326.8,3,2365.0,2269.5,-53.96,-0.773,EOD,2023-06-21 11:45:00+05:30,2023-06-21 15:15:00+05:30,backtest
2023-06-21,M&M,SHORT,1385.9,1374.35,5,1403.2,1359.95,3.95,0.057,EOD,2023-06-21 11:30:00+05:30,2023-06-21 15:15:00+05:30,backtest
2023-06-22,NESTLEIND,SHORT,1135.6,1127.5,7,1144.6,1122.1,0.86,0.011,EOD,2023-06-22 09:40:00+05:30,2023-06-22 15:15:00+05:30,backtest
2023-06-22,COALINDIA,LONG,213.5,212.1,37,212.1,215.6,-107.55,-1.361,SL,2023-06-22 09:45:00+05:30,2023-06-22 12:10:00+05:30,backtest
2023-06-23,BHARTIARTL,LONG,849.4,860.65,9,841.9,860.65,45.86,0.6,TARGET,2023-06-23 09:45:00+05:30,2023-06-23 10:30:00+05:30,backtest
2023-06-26,DRREDDY,LONG,1006.5,1009.05,8,990.4,1030.65,-35.72,-0.444,EOD,2023-06-26 11:30:00+05:30,2023-06-26 15:15:00+05:30,backtest
2023-06-27,RELIANCE,SHORT,1188.8,1190.3,6,1196.0,1178.0,-63.27,-0.887,EOD,2023-06-27 10:30:00+05:30,2023-06-27 15:15:00+05:30,backtest
2023-06-28,HEROMOTOCO,SHORT,2664.6,2661.7,3,2693.75,2620.88,-47.28,-0.591,EOD,2023-06-28 10:15:00+05:30,2023-06-28 15:15:00+05:30,backtest
2023-06-28,NTPC,LONG,186.35,187.92,43,185.3,187.92,11.63,0.145,TARGET,2023-06-28 10:15:00+05:30,2023-06-28 11:10:00+05:30,backtest
2023-06-30,COALINDIA,LONG,212.95,214.95,37,211.1,215.72,18.17,0.231,EOD,2023-06-30 10:30:00+05:30,2023-06-30 15:15:00+05:30,backtest
2023-07-03,SBILIFE,SHORT,1299.3,1297.35,6,1312.0,1280.25,-43.88,-0.563,EOD,2023-07-03 11:05:00+05:30,2023-07-03 15:15:00+05:30,backtest
2023-07-03,INDUSINDBK,SHORT,1370.0,1379.65,5,1387.0,1344.5,-102.0,-1.489,EOD,2023-07-03 09:35:00+05:30,2023-07-03 15:15:00+05:30,backtest
2023-07-04,NTPC,LONG,192.7,194.2,41,189.1,198.1,5.64,0.071,EOD,2023-07-04 11:55:00+05:30,2023-07-04 15:15:00+05:30,backtest
2023-07-04,ADANIENT,LONG,2337.9,2316.4,3,2300.6,2393.85,-118.46,-1.689,EOD,2023-07-04 10:20:00+05:30,2023-07-04 15:15:00+05:30,backtest
2023-07-05,SBILIFE,LONG,1307.8,1293.2,6,1285.1,1341.85,-143.21,-1.825,EOD,2023-07-05 10:50:00+05:30,2023-07-05 15:15:00+05:30,backtest
2023-07-05,JSWSTEEL,SHORT,794.75,792.0,10,803.6,781.47,-28.37,-0.357,EOD,2023-07-05 11:30:00+05:30,2023-07-05 15:15:00+05:30,backtest
2023-07-06,NTPC,LONG,194.6,196.9,40,192.75,197.38,36.34,0.467,EOD,2023-07-06 10:15:00+05:30,2023-07-06 15:15:00+05:30,backtest
2023-07-06,HDFCBANK,LONG,836.7,838.0,9,831.5,844.5,-43.37,-0.576,EOD,2023-07-06 11:00:00+05:30,2023-07-06 15:15:00+05:30,backtest
2023-07-07,BAJFINANCE,SHORT,768.5,762.0,10,775.0,758.75,9.7,0.126,EOD,2023-07-07 10:00:00+05:30,2023-07-07 15:15:00+05:30,backtest
2023-07-07,HDFCLIFE,LONG,675.85,658.0,11,658.0,702.62,-251.02,-3.377,SL,2023-07-07 11:10:00+05:30,2023-07-07 15:05:00+05:30,backtest
2023-07-10,ADANIENT,LONG,2323.9,2377.75,3,2288.0,2377.75,107.45,1.541,TARGET,2023-07-10 10:55:00+05:30,2023-07-10 14:25:00+05:30,backtest
2023-07-10,TATASTEEL,LONG,107.64,109.11,73,105.59,110.72,51.49,0.655,EOD,2023-07-10 10:05:00+05:30,2023-07-10 15:15:00+05:30,backtest
2023-07-11,KOTAKBANK,LONG,378.2,374.3,20,374.3,384.05,-133.05,-1.759,SL,2023-07-11 10:10:00+05:30,2023-07-11 14:45:00+05:30,backtest
2023-07-11,POWERGRID,LONG,187.75,186.55,42,184.0,193.38,-106.12,-1.346,EOD,2023-07-11 10:40:00+05:30,2023-07-11 15:15:00+05:30,backtest
2023-07-12,NESTLEIND,LONG,1150.0,1153.4,6,1140.8,1163.8,-33.42,-0.484,EOD,2023-07-12 11:25:00+05:30,2023-07-12 15:15:00+05:30,backtest
2023-07-12,DRREDDY,LONG,1037.75,1037.45,7,1026.0,1055.38,-56.63,-0.78,EOD,2023-07-12 10:00:00+05:30,2023-07-12 15:15:00+05:30,backtest
2023-07-13,WIPRO,LONG,190.3,188.4,41,186.95,195.33,-133.43,-1.71,EOD,2023-07-13 10:20:00+05:30,2023-07-13 15:15:00+05:30,backtest
2023-07-13,COALINDIA,SHORT,217.65,215.55,35,219.05,215.55,18.34,0.241,TARGET,2023-07-13 09:35:00+05:30,2023-07-13 10:55:00+05:30,backtest
2023-07-17,JSWSTEEL,LONG,809.7,802.2,9,802.2,820.95,-122.01,-1.674,SL,2023-07-17 09:40:00+05:30,2023-07-17 11:25:00+05:30,backtest
2023-07-17,TATASTEEL,LONG,112.28,111.6,69,110.91,114.34,-102.37,-1.321,EOD,2023-07-17 09:40:00+05:30,2023-07-17 15:15:00+05:30,backtest
2023-07-18,ADANIPORTS,LONG,744.0,728.15,10,725.6,771.6,-213.22,-2.866,EOD,2023-07-18 10:35:00+05:30,2023-07-18 15:15:00+05:30,backtest
2023-07-18,NTPC,LONG,188.1,187.45,41,186.3,190.8,-82.05,-1.064,EOD,2023-07-18 09:55:00+05:30,2023-07-18 15:15:00+05:30,backtest
2023-07-19,BHARTIARTL,LONG,875.9,870.35,8,870.35,884.22,-98.37,-1.404,SL,2023-07-19 09:55:00+05:30,2023-07-19 14:20:00+05:30,backtest
2023-07-19,SUNPHARMA,LONG,1077.0,1081.4,7,1063.85,1096.73,-24.31,-0.322,EOD,2023-07-19 09:50:00+05:30,2023-07-19 15:15:00+05:30,backtest
2023-07-20,SBILIFE,SHORT,1305.25,1314.9,5,1321.6,1280.73,-101.35,-1.553,EOD,2023-07-20 11:05:00+05:30,2023-07-20 15:15:00+05:30,backtest
2023-07-20,JSWSTEEL,SHORT,786.5,795.9,9,795.9,772.4,-138.84,-1.961,SL,2023-07-20 11:15:00+05:30,2023-07-20 14:00:00+05:30,backtest
2023-07-21,BHARTIARTL,LONG,885.0,886.6,8,874.8,900.3,-41.37,-0.584,EOD,2023-07-21 10:10:00+05:30,2023-07-21 15:15:00+05:30,backtest
2023-07-21,JSWSTEEL,LONG,805.45,792.0,9,792.0,825.63,-175.43,-2.42,SL,2023-07-21 11:35:00+05:30,2023-07-21 14:35:00+05:30,backtest
2023-07-24,COALINDIA,LONG,215.15,215.0,34,212.95,218.45,-59.73,-0.816,EOD,2023-07-24 11:10:00+05:30,2023-07-24 15:15:00+05:30,backtest
2023-07-24,SBILIFE,LONG,1309.0,1317.55,5,1287.9,1340.65,-10.38,-0.159,EOD,2023-07-24 10:15:00+05:30,2023-07-24 15:15:00+05:30,backtest
2023-07-25,ADANIPORTS,LONG,741.9,735.55,10,735.55,751.42,-118.27,-1.594,SL,2023-07-25 10:20:00+05:30,2023-07-25 13:00:00+05:30,backtest
2023-07-25,NTPC,LONG,198.4,200.75,37,195.9,202.15,32.18,0.438,EOD,2023-07-25 09:45:00+05:30,2023-07-25 15:15:00+05:30,backtest
2023-07-26,DRREDDY,LONG,1090.2,1082.3,6,1082.3,1102.05,-100.44,-1.535,SL,2023-07-26 09:40:00+05:30,2023-07-26 10:50:00+05:30,backtest
2023-07-26,GRASIM,LONG,1840.6,1830.2,4,1821.85,1868.72,-96.28,-1.308,EOD,2023-07-26 09:40:00+05:30,2023-07-26 15:15:00+05:30,backtest
2023-07-27,ICICIBANK,SHORT,998.35,991.4,7,1006.5,986.12,-5.28,-0.076,EOD,2023-07-27 10:50:00+05:30,2023-07-27 15:15:00+05:30,backtest
2023-07-27,SBIN,LONG,621.0,614.5,11,614.5,630.75,-125.09,-1.831,SL,2023-07-27 10:25:00+05:30,2023-07-27 11:50:00+05:30,backtest
2023-07-28,M&M,LONG,1468.0,1469.6,5,1450.0,1495.0,-46.69,-0.636,EOD,2023-07-28 11:05:00+05:30,2023-07-28 15:15:00+05:30,backtest
2023-07-28,ADANIPORTS,LONG,753.95,756.2,9,743.1,770.23,-33.34,-0.491,EOD,2023-07-28 10:05:00+05:30,2023-07-28 15:15:00+05:30,backtest
2023-07-31,KOTAKBANK,SHORT,371.0,371.7,19,375.0,365.0,-67.41,-0.956,EOD,2023-07-31 11:30:00+05:30,2023-07-31 15:15:00+05:30,backtest
2023-07-31,TECHM,LONG,1050.8,1066.85,7,1040.1,1066.85,57.53,0.782,TARGET,2023-07-31 09:40:00+05:30,2023-07-31 11:20:00+05:30,backtest
2023-08-01,COALINDIA,LONG,215.25,218.4,34,213.15,218.4,52.36,0.715,TARGET,2023-08-01 10:10:00+05:30,2023-08-01 10:50:00+05:30,backtest
2023-08-02,GRASIM,SHORT,1813.95,1815.9,4,1832.6,1785.98,-62.32,-0.859,EOD,2023-08-02 10:35:00+05:30,2023-08-02 15:15:00+05:30,backtest
2023-08-03,M&M,LONG,1499.7,1477.15,4,1477.15,1533.53,-142.11,-2.369,SL,2023-08-03 11:30:00+05:30,2023-08-03 12:50:00+05:30,backtest
2023-08-03,TATASTEEL,SHORT,111.6,112.77,66,112.77,109.84,-132.03,-1.793,SL,2023-08-03 09:35:00+05:30,2023-08-03 10:50:00+05:30,backtest
2023-08-04,KOTAKBANK,LONG,367.8,368.4,19,364.2,373.2,-42.59,-0.609,EOD,2023-08-04 11:15:00+05:30,2023-08-04 15:15:00+05:30,backtest
2023-08-07,ADANIPORTS,LONG,783.05,791.35,9,771.2,800.82,20.53,0.291,EOD,2023-08-07 10:30:00+05:30,2023-08-07 15:15:00+05:30,backtest
2023-08-07,AXISBANK,SHORT,946.7,947.25,7,955.0,934.25,-57.11,-0.862,EOD,2023-08-07 09:55:00+05:30,2023-08-07 15:15:00+05:30,backtest
2023-08-08,COALINDIA,SHORT,215.0,214.3,33,219.15,208.77,-31.07,-0.438,EOD,2023-08-08 10:35:00+05:30,2023-08-08 15:15:00+05:30,backtest
2023-08-08,SBIN,LONG,572.45,569.4,12,569.4,577.03,-90.3,-1.315,SL,2023-08-08 10:15:00+05:30,2023-08-08 11:15:00+05:30,backtest
2023-08-09,WIPRO,LONG,199.9,199.8,36,197.2,203.95,-57.99,-0.806,EOD,2023-08-09 11:15:00+05:30,2023-08-09 15:15:00+05:30,backtest
2023-08-09,M&M,LONG,1520.8,1534.75,4,1492.25,1563.62,3.58,0.059,EOD,2023-08-09 10:25:00+05:30,2023-08-09 15:15:00+05:30,backtest
2023-08-10,BAJAJFINSV,SHORT,1509.35,1522.6,4,1522.6,1489.47,-105.13,-1.741,SL,2023-08-10 10:20:00+05:30,2023-08-10 12:40:00+05:30,backtest
2023-08-10,WIPRO,LONG,200.7,200.15,36,198.6,203.85,-74.23,-1.027,EOD,2023-08-10 10:00:00+05:30,2023-08-10 15:15:00+05:30,backtest
2023-08-11,INFY,SHORT,1387.45,1373.35,5,1396.85,1373.35,16.7,0.241,TARGET,2023-08-11 09:35:00+05:30,2023-08-11 11:55:00+05:30,backtest
2023-08-11,SBIN,LONG,578.05,574.0,12,572.0,587.12,-102.42,-1.477,EOD,2023-08-11 11:45:00+05:30,2023-08-11 15:15:00+05:30,backtest
2023-08-14,NESTLEIND,LONG,1099.6,1094.9,6,1086.0,1120.0,-81.37,-1.233,EOD,2023-08-14 10:00:00+05:30,2023-08-14 15:15:00+05:30,backtest
2023-08-17,GRASIM,LONG,1802.95,1794.55,3,1794.55,1815.55,-75.99,-1.405,SL,2023-08-17 11:15:00+05:30,2023-08-17 12:20:00+05:30,backtest
2023-08-17,INDUSINDBK,LONG,1390.5,1377.25,5,1377.25,1410.38,-120.09,-1.727,SL,2023-08-17 10:35:00+05:30,2023-08-17 11:30:00+05:30,backtest
2023-08-18,BHARTIARTL,LONG,859.35,856.15,8,852.25,870.0,-79.32,-1.154,EOD,2023-08-18 11:40:00+05:30,2023-08-18 15:15:00+05:30,backtest
2023-08-18,BAJAJFINSV,SHORT,1462.55,1461.3,4,1478.3,1438.92,-46.7,-0.798,EOD,2023-08-18 11:15:00+05:30,2023-08-18 15:15:00+05:30,backtest
2023-08-21,SBILIFE,LONG,1285.25,1281.05,5,1274.3,1301.68,-73.83,-1.149,EOD,2023-08-21 10:35:00+05:30,2023-08-21 15:15:00+05:30,backtest
2023-08-22,GRASIM,SHORT,1798.35,1798.3,3,1817.75,1769.25,-50.64,-0.939,EOD,2023-08-22 09:50:00+05:30,2023-08-22 15:15:00+05:30,backtest
2023-08-22,TATASTEEL,SHORT,110.47,111.11,63,111.11,109.51,-94.28,-1.355,SL,2023-08-22 09:50:00+05:30,2023-08-22 11:35:00+05:30,backtest
2023-08-24,COALINDIA,SHORT,214.2,213.35,32,216.6,210.6,-26.48,-0.386,EOD,2023-08-24 11:55:00+05:30,2023-08-24 15:15:00+05:30,backtest
2023-08-24,GRASIM,SHORT,1785.2,1772.75,3,1802.85,1758.73,-13.32,-0.249,EOD,2023-08-24 11:50:00+05:30,2023-08-24 15:15:00+05:30,backtest
2023-08-25,HDFCLIFE,LONG,635.05,627.6,11,627.6,646.22,-135.84,-1.945,SL,2023-08-25 09:40:00+05:30,2023-08-25 10:30:00+05:30,backtest
2023-08-25,JSWSTEEL,SHORT,780.0,774.3,8,787.55,768.68,-6.83,-0.11,EOD,2023-08-25 11:10:00+05:30,2023-08-25 15:15:00+05:30,backtest
2023-08-28,COALINDIA,LONG,213.5,213.6,32,211.75,216.12,-50.47,-0.739,EOD,2023-08-28 10:00:00+05:30,2023-08-28 15:15:00+05:30,backtest
2023-08-28,SUNPHARMA,LONG,1115.1,1116.85,6,1105.15,1130.02,-42.89,-0.641,EOD,2023-08-28 09:45:00+05:30,2023-08-28 15:15:00+05:30,backtest
2023-08-29,GRASIM,SHORT,1772.95,1785.9,3,1785.9,1753.53,-89.53,-1.683,SL,2023-08-29 10:25:00+05:30,2023-08-29 10:55:00+05:30,backtest
2023-08-29,INDUSINDBK,SHORT,1396.45,1399.45,4,1413.7,1370.58,-63.18,-1.131,EOD,2023-08-29 11:15:00+05:30,2023-08-29 15:15:00+05:30,backtest
2023-08-30,NESTLEIND,LONG,1108.2,1110.6,6,1100.5,1119.75,-38.91,-0.585,EOD,2023-08-30 11:40:00+05:30,2023-08-30 15:15:00+05:30,backtest
2023-08-30,SUNPHARMA,LONG,1118.3,1112.4,6,1112.4,1127.15,-88.78,-1.323,SL,2023-08-30 09:50:00+05:30,2023-08-30 10:30:00+05:30,backtest
2023-08-31,COALINDIA,LONG,213.85,214.2,32,212.65,215.65,-42.5,-0.621,EOD,2023-08-31 10:05:00+05:30,2023-08-31 15:15:00+05:30,backtest
2023-08-31,HDFCLIFE,LONG,641.6,646.55,10,632.25,655.62,-3.38,-0.053,EOD,2023-08-31 11:40:00+05:30,2023-08-31 15:15:00+05:30,backtest
2023-09-01,NTPC,LONG,225.3,230.55,22,216.15,239.03,65.47,1.321,EOD,2023-09-01 11:15:00+05:30,2023-09-01 15:15:00+05:30,backtest
2023-09-01,SUNPHARMA,SHORT,1107.4,1108.3,6,1117.5,1092.25,-58.69,-0.883,EOD,2023-09-01 10:05:00+05:30,2023-09-01 15:15:00+05:30,backtest
2023-09-04,SBIN,LONG,572.3,575.05,11,569.15,577.02,-22.37,-0.355,EOD,2023-09-04 11:00:00+05:30,2023-09-04 15:15:00+05:30,backtest
2023-09-04,WIPRO,LONG,202.9,207.5,33,199.05,208.68,98.26,1.467,EOD,2023-09-04 11:40:00+05:30,2023-09-04 15:15:00+05:30,backtest
2023-09-05,GRASIM,LONG,1852.25,1840.75,3,1840.75,1869.5,-85.58,-1.54,SL,2023-09-05 09:50:00+05:30,2023-09-05 12:40:00+05:30,backtest
2023-09-05,ADANIPORTS,LONG,808.4,801.0,8,801.0,819.5,-112.08,-1.733,SL,2023-09-05 11:40:00+05:30,2023-09-05 13:20:00+05:30,backtest
2023-09-06,TECHM,SHORT,1186.5,1199.4,5,1209.5,1152.0,-116.43,-1.963,EOD,2023-09-06 11:55:00+05:30,2023-09-06 15:15:00+05:30,backtest
2023-09-06,SUNPHARMA,LONG,1142.75,1142.3,5,1130.0,1161.88,-53.68,-0.939,EOD,2023-09-06 10:20:00+05:30,2023-09-06 15:15:00+05:30,backtest
2023-09-07,INDUSINDBK,LONG,1415.3,1441.25,4,1398.0,1441.25,52.37,0.925,TARGET,2023-09-07 11:20:00+05:30,2023-09-07 15:00:00+05:30,backtest
2023-09-07,SBILIFE,SHORT,1313.2,1325.7,5,1325.7,1294.45,-115.69,-1.762,SL,2023-09-07 10:00:00+05:30,2023-09-07 11:40:00+05:30,backtest
2023-09-08,TECHM,SHORT,1215.0,1211.8,5,1227.6,1196.1,-36.13,-0.595,EOD,2023-09-08 09:50:00+05:30,2023-09-08 15:15:00+05:30,backtest
2023-09-08,HCLTECH,LONG,1268.85,1262.1,5,1254.3,1290.67,-86.4,-1.362,EOD,2023-09-08 09:45:00+05:30,2023-09-08 15:15:00+05:30,backtest
2023-09-11,GRASIM,LONG,1854.65,1857.25,3,1838.5,1878.88,-43.34,-0.779,EOD,2023-09-11 09:35:00+05:30,2023-09-11 15:15:00+05:30,backtest
2023-09-11,UPL,LONG,587.8,593.25,11,583.3,594.55,6.96,0.108,EOD,2023-09-11 10:15:00+05:30,2023-09-11 15:15:00+05:30,backtest
2023-09-12,GRASIM,LONG,1871.55,1859.75,3,1843.95,1912.95,-86.59,-1.542,EOD,2023-09-12 10:55:00+05:30,2023-09-12 15:15:00+05:30,backtest
2023-09-12,ITC,LONG,381.0,381.7,17,377.95,385.58,-41.07,-0.634,EOD,2023-09-12 10:55:00+05:30,2023-09-12 15:15:00+05:30,backtest
2023-09-13,BAJAJFINSV,SHORT,1526.0,1544.8,4,1544.8,1497.8,-127.48,-2.089,SL,2023-09-13 10:10:00+05:30,2023-09-13 13:55:00+05:30,backtest
2023-09-13,INDUSINDBK,SHORT,1417.1,1436.45,4,1436.45,1388.07,-128.81,-2.272,SL,2023-09-13 10:55:00+05:30,2023-09-13 12:00:00+05:30,backtest
2023-09-14,SUNPHARMA,SHORT,1144.95,1143.85,5,1150.9,1136.03,-45.94,-0.803,EOD,2023-09-14 10:15:00+05:30,2023-09-14 15:15:00+05:30,backtest
2023-09-14,ONGC,LONG,168.2,169.8,39,166.45,170.82,9.22,0.141,EOD,2023-09-14 09:50:00+05:30,2023-09-14 15:15:00+05:30,backtest
2023-09-15,BAJAJFINSV,LONG,1561.5,1546.0,4,1546.0,1584.75,-114.43,-1.832,SL,2023-09-15 10:50:00+05:30,2023-09-15 15:00:00+05:30,backtest
2023-09-15,GRASIM,LONG,1947.05,1979.97,3,1925.1,1979.97,46.99,0.805,TARGET,2023-09-15 10:15:00+05:30,2023-09-15 14:40:00+05:30,backtest
2023-09-18,HCLTECH,LONG,1303.85,1304.15,5,1289.7,1325.07,-51.54,-0.791,EOD,2023-09-18 10:45:00+05:30,2023-09-18 15:15:00+05:30,backtest
2023-09-18,BAJAJFINSV,LONG,1551.05,1558.45,4,1532.9,1578.27,-22.84,-0.368,EOD,2023-09-18 11:40:00+05:30,2023-09-18 15:15:00+05:30,backtest
2023-09-20,JSWSTEEL,SHORT,799.6,786.65,8,810.8,782.8,50.91,0.796,EOD,2023-09-20 10:25:00+05:30,2023-09-20 15:15:00+05:30,backtest
2023-09-21,CIPLA,SHORT,1222.25,1208.3,5,1240.25,1195.25,17.6,0.288,EOD,2023-09-21 11:20:00+05:30,2023-09-21 15:15:00+05:30,backtest
2023-09-21,BAJAJFINSV,SHORT,1524.7,1526.45,4,1552.25,1483.38,-59.2,-0.971,EOD,2023-09-21 10:05:00+05:30,2023-09-21 15:15:00+05:30,backtest
2023-09-22,TECHM,LONG,1252.8,1254.3,5,1233.5,1281.75,-45.04,-0.719,EOD,2023-09-22 10:05:00+05:30,2023-09-22 15:15:00+05:30,backtest
2023-09-22,GRASIM,SHORT,1886.45,1903.45,3,1903.45,1860.95,-102.37,-1.809,SL,2023-09-22 10:00:00+05:30,2023-09-22 10:40:00+05:30,backtest
2023-09-25,GRASIM,LONG,1916.8,1932.25,3,1894.35,1950.47,-5.2,-0.09,EOD,2023-09-25 10:35:00+05:30,2023-09-25 15:15:00+05:30,backtest
2023-09-26,KOTAKBANK,SHORT,352.0,352.9,18,356.4,345.4,-68.89,-1.087,EOD,2023-09-26 11:30:00+05:30,2023-09-26 15:15:00+05:30,backtest
2023-09-26,INDUSINDBK,SHORT,1430.3,1425.0,4,1443.95,1409.82,-30.22,-0.528,EOD,2023-09-26 10:55:00+05:30,2023-09-26 15:15:00+05:30,backtest
2023-09-27,COALINDIA,LONG,270.2,271.25,24,264.8,278.3,-27.79,-0.429,EOD,2023-09-27 11:15:00+05:30,2023-09-27 15:15:00+05:30,backtest
2023-09-27,BHARTIARTL,LONG,916.0,920.4,7,907.45,928.82,-22.05,-0.344,EOD,2023-09-27 10:30:00+05:30,2023-09-27 15:15:00+05:30,backtest
2023-09-28,SUNPHARMA,LONG,1149.95,1141.05,5,1141.05,1163.3,-95.96,-1.669,SL,2023-09-28 10:55:00+05:30,2023-09-28 11:55:00+05:30,backtest
2023-09-28,KOTAKBANK,SHORT,351.1,346.15,18,354.4,346.15,36.55,0.578,TARGET,2023-09-28 09:40:00+05:30,2023-09-28 15:00:00+05:30,backtest
2023-09-29,DRREDDY,LONG,1122.1,1117.65,5,1090.65,1169.27,-73.45,-1.309,EOD,2023-09-29 11:00:00+05:30,2023-09-29 15:15:00+05:30,backtest
2023-09-29,ICICIBANK,LONG,953.05,950.55,6,943.7,967.07,-66.42,-1.162,EOD,2023-09-29 11:20:00+05:30,2023-09-29 15:15:00+05:30,backtest
2023-10-03,HDFCLIFE,LONG,637.25,631.3,10,631.3,646.18,-112.19,-1.76,SL,2023-10-03 11:40:00+05:30,2023-10-03 13:40:00+05:30,backtest
2023-10-04,ADANIPORTS,LONG,843.6,823.3,7,823.3,874.05,-193.77,-3.281,SL,2023-10-04 11:15:00+05:30,2023-10-04 12:55:00+05:30,backtest
2023-10-05,TECHM,LONG,1170.6,1158.0,5,1158.0,1189.5,-114.64,-1.959,SL,2023-10-05 09:40:00+05:30,2023-10-05 11:30:00+05:30,backtest
2023-10-05,TATASTEEL,SHORT,118.49,119.71,53,119.71,116.66,-117.28,-1.868,SL,2023-10-05 09:40:00+05:30,2023-10-05 11:55:00+05:30,backtest
2023-10-06,UPL,LONG,583.0,586.97,10,580.35,586.97,-11.95,-0.205,TARGET,2023-10-06 11:20:00+05:30,2023-10-06 14:50:00+05:30,backtest
2023-10-06,HDFCLIFE,LONG,630.4,630.65,10,622.75,641.88,-50.11,-0.795,EOD,2023-10-06 10:35:00+05:30,2023-10-06 15:15:00+05:30,backtest
2023-10-09,GRASIM,LONG,1886.95,1882.3,3,1867.65,1915.9,-65.26,-1.153,EOD,2023-10-09 09:55:00+05:30,2023-10-09 15:15:00+05:30,backtest
2023-10-09,COALINDIA,LONG,268.35,267.75,23,263.5,275.63,-66.13,-1.071,EOD,2023-10-09 11:20:00+05:30,2023-10-09 15:15:00+05:30,backtest
2023-10-10,NTPC,SHORT,234.25,236.15,26,236.85,230.35,-101.63,-1.669,EOD,2023-10-10 10:55:00+05:30,2023-10-10 15:15:00+05:30,backtest
2023-10-10,HDFCBANK,SHORT,758.0,763.5,8,763.5,749.75,-96.17,-1.586,SL,2023-10-10 09:50:00+05:30,2023-10-10 12:10:00+05:30,backtest
2023-10-11,INDUSINDBK,SHORT,1420.05,1418.5,4,1431.9,1402.27,-45.15,-0.795,EOD,2023-10-11 11:40:00+05:30,2023-10-11 15:15:00+05:30,backtest
2023-10-11,BHARTIARTL,LONG,953.6,956.2,6,948.0,962.0,-35.86,-0.627,EOD,2023-10-11 09:40:00+05:30,2023-10-11 15:15:00+05:30,backtest
2023-10-12,RELIANCE,LONG,1178.4,1174.65,5,1169.1,1192.35,-70.52,-1.197,EOD,2023-10-12 11:50:00+05:30,2023-10-12 15:15:00+05:30,backtest
2023-10-12,ICICIBANK,LONG,959.0,953.85,6,948.4,974.9,-82.38,-1.432,EOD,2023-10-12 10:10:00+05:30,2023-10-12 15:15:00+05:30,backtest
2023-10-13,NTPC,LONG,243.15,242.0,25,239.6,248.48,-80.88,-1.331,EOD,2023-10-13 09:55:00+05:30,2023-10-13 15:15:00+05:30,backtest
2023-10-13,UPL,LONG,598.35,598.1,10,591.3,608.93,-54.46,-0.91,EOD,2023-10-13 10:10:00+05:30,2023-10-13 15:15:00+05:30,backtest
2023-10-16,GRASIM,SHORT,1962.45,1964.7,3,1992.1,1917.98,-58.53,-0.994,EOD,2023-10-16 09:50:00+05:30,2023-10-16 15:15:00+05:30,backtest
2023-10-16,UPL,LONG,600.1,606.18,10,596.05,606.18,8.69,0.145,TARGET,2023-10-16 09:40:00+05:30,2023-10-16 10:20:00+05:30,backtest
2023-10-17,NTPC,SHORT,243.8,245.25,25,245.25,241.63,-88.48,-1.452,SL,2023-10-17 10:10:00+05:30,2023-10-17 11:05:00+05:30,backtest
2023-10-17,HINDALCO,SHORT,483.6,484.2,12,488.3,476.55,-58.81,-1.013,EOD,2023-10-17 11:40:00+05:30,2023-10-17 15:15:00+05:30,backtest
2023-10-18,AXISBANK,SHORT,1005.5,994.7,6,1012.7,994.7,12.8,0.212,TARGET,2023-10-18 10:40:00+05:30,2023-10-18 11:10:00+05:30,backtest
2023-10-18,SUNPHARMA,LONG,1150.6,1152.95,5,1134.05,1175.42,-39.77,-0.691,EOD,2023-10-18 09:55:00+05:30,2023-10-18 15:15:00+05:30,backtest
2023-10-19,NESTLEIND,LONG,1166.3,1155.7,5,1155.7,1182.2,-104.61,-1.794,SL,2023-10-19 10:50:00+05:30,2023-10-19 10:55:00+05:30,backtest
2023-10-19,SUNPHARMA,SHORT,1141.5,1141.55,5,1150.0,1128.75,-51.67,-0.905,EOD,2023-10-19 10:15:00+05:30,2023-10-19 15:15:00+05:30,backtest
2023-10-20,AXISBANK,SHORT,980.1,980.5,6,992.6,961.35,-54.16,-0.921,EOD,2023-10-20 11:40:00+05:30,2023-10-20 15:15:00+05:30,backtest
2023-10-20,GRASIM,SHORT,1952.35,1938.95,3,1969.3,1926.92,-11.47,-0.196,EOD,2023-10-20 10:30:00+05:30,2023-10-20 15:15:00+05:30,backtest
2023-10-25,GRASIM,SHORT,1889.65,1870.6,3,1912.45,1855.45,5.87,0.104,EOD,2023-10-25 11:05:00+05:30,2023-10-25 15:15:00+05:30,backtest
2023-10-30,BHARTIARTL,LONG,929.2,926.5,6,910.6,957.1,-67.33,-1.208,EOD,2023-10-30 11:45:00+05:30,2023-10-30 15:15:00+05:30,backtest
2023-11-01,SBILIFE,SHORT,1355.95,1336.0,4,1377.95,1322.95,29.03,0.535,EOD,2023-11-01 10:50:00+05:30,2023-11-01 15:15:00+05:30,backtest
2023-11-02,INDUSINDBK,LONG,1463.65,1458.8,4,1439.1,1500.48,-71.09,-1.214,EOD,2023-11-02 09:40:00+05:30,2023-11-02 15:15:00+05:30,backtest
2023-11-02,SUNPHARMA,LONG,1130.05,1133.0,5,1116.0,1151.12,-36.57,-0.647,EOD,2023-11-02 11:30:00+05:30,2023-11-02 15:15:00+05:30,backtest
2023-11-03,BAJAJFINSV,LONG,1592.05,1580.0,3,1580.0,1610.12,-85.67,-1.794,SL,2023-11-03 10:10:00+05:30,2023-11-03 11:50:00+05:30,backtest
2023-11-03,JSWSTEEL,LONG,745.25,746.9,8,735.0,760.62,-38.74,-0.65,EOD,2023-11-03 10:40:00+05:30,2023-11-03 15:15:00+05:30,backtest
2023-11-06,BHARTIARTL,LONG,936.05,930.0,6,930.0,945.12,-87.5,-1.558,SL,2023-11-06 10:30:00+05:30,2023-11-06 12:50:00+05:30,backtest
2023-11-06,BAJAJFINSV,LONG,1547.95,1559.88,3,1540.0,1559.88,-13.55,-0.292,TARGET,2023-11-06 11:20:00+05:30,2023-11-06 12:30:00+05:30,backtest
2023-11-07,SBILIFE,SHORT,1331.3,1339.15,4,1339.15,1319.52,-82.08,-1.541,SL,2023-11-07 09:35:00+05:30,2023-11-07 13:55:00+05:30,backtest
2023-11-07,CIPLA,LONG,1213.4,1216.45,4,1200.75,1232.38,-37.52,-0.773,EOD,2023-11-07 11:10:00+05:30,2023-11-07 15:15:00+05:30,backtest
2023-11-08,SUNPHARMA,LONG,1180.8,1177.35,5,1171.0,1195.5,-69.04,-1.169,EOD,2023-11-08 11:15:00+05:30,2023-11-08 15:15:00+05:30,backtest
2023-11-08,WIPRO,SHORT,183.5,182.85,32,184.4,182.15,-30.92,-0.527,EOD,2023-11-08 10:30:00+05:30,2023-11-08 15:15:00+05:30,backtest
2023-11-09,GRASIM,LONG,1933.9,1926.6,3,1922.85,1950.48,-73.48,-1.267,EOD,2023-11-09 10:00:00+05:30,2023-11-09 15:15:00+05:30,backtest
2023-11-09,UPL,SHORT,529.5,527.3,11,535.05,521.18,-27.42,-0.471,EOD,2023-11-09 11:05:00+05:30,2023-11-09 15:15:00+05:30,backtest
2023-11-10,TATASTEEL,LONG,113.75,113.75,51,112.57,115.52,-51.6,-0.89,EOD,2023-11-10 11:30:00+05:30,2023-11-10 15:15:00+05:30,backtest
2023-11-10,SUNPHARMA,LONG,1178.45,1179.0,4,1170.1,1190.98,-47.23,-1.002,EOD,2023-11-10 11:10:00+05:30,2023-11-10 15:15:00+05:30,backtest
2023-11-13,HDFCLIFE,SHORT,617.55,620.45,9,628.2,601.57,-77.24,-1.39,EOD,2023-11-13 10:15:00+05:30,2023-11-13 15:15:00+05:30,backtest
2023-11-13,BAJAJFINSV,SHORT,1571.6,1583.8,3,1597.95,1532.07,-86.07,-1.825,EOD,2023-11-13 10:15:00+05:30,2023-11-13 15:15:00+05:30,backtest
2023-11-15,RELIANCE,LONG,1172.5,1176.9,4,1163.5,1186.0,-31.8,-0.678,EOD,2023-11-15 10:25:00+05:30,2023-11-15 15:15:00+05:30,backtest
2023-11-15,SUNPHARMA,SHORT,1174.7,1183.95,4,1183.95,1160.83,-86.43,-1.84,SL,2023-11-15 10:40:00+05:30,2023-11-15 15:10:00+05:30,backtest
2023-11-16,TATASTEEL,LONG,118.49,118.1,48,116.73,121.13,-70.08,-1.232,EOD,2023-11-16 11:30:00+05:30,2023-11-16 15:15:00+05:30,backtest
2023-11-16,TECHM,LONG,1131.9,1151.25,5,1119.0,1151.25,45.33,0.801,TARGET,2023-11-16 11:00:00+05:30,2023-11-16 11:55:00+05:30,backtest
2023-11-20,BAJAJFINSV,SHORT,1591.1,1591.75,3,1616.55,1552.92,-51.5,-1.079,EOD,2023-11-20 11:05:00+05:30,2023-11-20 15:15:00+05:30,backtest
2023-11-20,ADANIPORTS,SHORT,808.75,803.65,7,813.95,800.95,-15.59,-0.275,EOD,2023-11-20 11:55:00+05:30,2023-11-20 15:15:00+05:30,backtest
2023-11-21,HDFCLIFE,LONG,658.75,665.5,8,654.25,665.5,3.41,0.065,TARGET,2023-11-21 09:40:00+05:30,2023-11-21 10:20:00+05:30,backtest
2023-11-21,NESTLEIND,SHORT,1210.0,1217.5,4,1217.5,1198.75,-79.71,-1.647,SL,2023-11-21 11:30:00+05:30,2023-11-21 12:20:00+05:30,backtest
2023-11-22,BAJFINANCE,LONG,716.0,712.5,7,706.5,730.25,-74.5,-1.486,EOD,2023-11-22 11:15:00+05:30,2023-11-22 15:15:00+05:30,backtest
2023-11-22,NTPC,LONG,251.95,254.0,22,250.1,254.72,-6.03,-0.109,EOD,2023-11-22 09:55:00+05:30,2023-11-22 15:15:00+05:30,backtest
2023-11-23,NTPC,SHORT,252.0,252.75,22,255.0,247.5,-67.6,-1.219,EOD,2023-11-23 10:15:00+05:30,2023-11-23 15:15:00+05:30,backtest
2023-11-23,SUNPHARMA,SHORT,1199.5,1197.7,4,1207.9,1186.9,-42.39,-0.883,EOD,2023-11-23 11:30:00+05:30,2023-11-23 15:15:00+05:30,backtest
2023-11-24,HDFCLIFE,LONG,670.7,668.3,8,663.05,682.18,-69.91,-1.303,EOD,2023-11-24 10:55:00+05:30,2023-11-24 15:15:00+05:30,backtest
2023-11-24,TATASTEEL,SHORT,119.61,119.56,47,120.59,118.14,-48.89,-0.87,EOD,2023-11-24 10:00:00+05:30,2023-11-24 15:15:00+05:30,backtest
2023-11-28,COALINDIA,LONG,317.2,321.25,17,313.55,322.67,18.0,0.334,EOD,2023-11-28 11:55:00+05:30,2023-11-28 15:15:00+05:30,backtest
2023-11-28,M&M,LONG,1566.5,1567.05,3,1542.15,1603.02,-47.75,-1.016,EOD,2023-11-28 09:35:00+05:30,2023-11-28 15:15:00+05:30,backtest
2023-11-29,HINDALCO,SHORT,517.1,518.05,10,521.0,511.25,-59.85,-1.157,EOD,2023-11-29 10:55:00+05:30,2023-11-29 15:15:00+05:30,backtest
2023-11-29,M&M,LONG,1602.25,1620.05,3,1567.25,1654.75,3.73,0.078,EOD,2023-11-29 10:40:00+05:30,2023-11-29 15:15:00+05:30,backtest
2023-11-30,JSWSTEEL,LONG,797.35,802.3,7,789.6,808.98,-16.55,-0.296,EOD,2023-11-30 10:20:00+05:30,2023-11-30 15:15:00+05:30,backtest
2023-12-01,AXISBANK,LONG,1094.95,1105.05,5,1070.2,1132.08,-0.5,-0.009,EOD,2023-12-01 10:10:00+05:30,2023-12-01 15:15:00+05:30,backtest
2023-12-01,COALINDIA,LONG,327.1,325.55,17,321.6,335.35,-77.45,-1.393,EOD,2023-12-01 10:05:00+05:30,2023-12-01 15:15:00+05:30,backtest
2023-12-04,HINDALCO,LONG,526.0,519.35,10,519.35,535.97,-116.95,-2.223,SL,2023-12-04 09:40:00+05:30,2023-12-04 12:25:00+05:30,backtest
2023-12-04,JSWSTEEL,LONG,822.6,818.5,6,813.3,836.55,-74.45,-1.508,EOD,2023-12-04 11:45:00+05:30,2023-12-04 15:15:00+05:30,backtest
2023-12-05,HINDALCO,LONG,521.4,521.45,10,515.45,530.32,-49.93,-0.958,EOD,2023-12-05 10:05:00+05:30,2023-12-05 15:15:00+05:30,backtest
2023-12-05,TATASTEEL,LONG,125.72,125.03,44,123.52,129.02,-81.39,-1.471,EOD,2023-12-05 11:00:00+05:30,2023-12-05 15:15:00+05:30,backtest
2023-12-06,HCLTECH,LONG,1335.0,1322.45,4,1322.45,1353.82,-100.83,-1.888,SL,2023-12-06 09:40:00+05:30,2023-12-06 11:05:00+05:30,backtest
2023-12-06,TECHM,LONG,1183.0,1171.9,4,1171.9,1199.65,-93.82,-1.983,SL,2023-12-06 09:35:00+05:30,2023-12-06 12:30:00+05:30,backtest
2023-12-07,SUNPHARMA,SHORT,1229.35,1238.65,4,1238.65,1215.4,-87.07,-1.771,SL,2023-12-07 10:25:00+05:30,2023-12-07 15:00:00+05:30,backtest
2023-12-07,BAJAJFINSV,LONG,1707.65,1703.6,3,1690.0,1734.13,-62.38,-1.218,EOD,2023-12-07 10:00:00+05:30,2023-12-07 15:15:00+05:30,backtest
2023-12-08,TECHM,LONG,1184.4,1173.6,4,1173.6,1200.6,-92.63,-1.955,SL,2023-12-08 11:35:00+05:30,2023-12-08 13:05:00+05:30,backtest
2023-12-08,ITC,SHORT,384.6,380.85,14,391.05,374.93,1.78,0.033,EOD,2023-12-08 11:45:00+05:30,2023-12-08 15:15:00+05:30,backtest
2023-12-11,ADANIPORTS,LONG,1042.55,1030.3,5,1016.6,1081.47,-111.61,-2.141,EOD,2023-12-11 11:05:00+05:30,2023-12-11 15:15:00+05:30,backtest
2023-12-11,HDFCLIFE,LONG,673.1,671.75,8,667.25,681.88,-61.56,-1.143,EOD,2023-12-11 10:45:00+05:30,2023-12-11 15:15:00+05:30,backtest
2023-12-12,ADANIPORTS,LONG,1045.05,1040.95,5,1033.05,1063.05,-70.93,-1.357,EOD,2023-12-12 10:30:00+05:30,2023-12-12 15:15:00+05:30,backtest
2023-12-12,ICICIBANK,SHORT,1010.95,1016.6,5,1021.0,995.88,-78.39,-1.551,EOD,2023-12-12 11:35:00+05:30,2023-12-12 15:15:00+05:30,backtest
2023-12-13,TECHM,SHORT,1169.6,1166.9,4,1184.3,1147.55,-38.55,-0.824,EOD,2023-12-13 09:40:00+05:30,2023-12-13 15:15:00+05:30,backtest
2023-12-13,NESTLEIND,SHORT,1243.8,1250.1,4,1250.1,1234.35,-75.18,-1.511,SL,2023-12-13 09:50:00+05:30,2023-12-13 14:00:00+05:30,backtest
2023-12-14,HDFCLIFE,SHORT,687.2,684.65,7,704.0,662.0,-31.75,-0.66,EOD,2023-12-14 10:25:00+05:30,2023-12-14 15:15:00+05:30,backtest
2023-12-14,INDUSINDBK,LONG,1541.4,1552.2,3,1515.6,1580.1,-16.88,-0.365,EOD,2023-12-14 10:10:00+05:30,2023-12-14 15:15:00+05:30,backtest
2023-12-15,SBILIFE,SHORT,1450.25,1452.05,3,1485.0,1398.12,-54.11,-1.244,EOD,2023-12-15 10:35:00+05:30,2023-12-15 15:15:00+05:30,backtest
2023-12-15,TECHM,LONG,1231.5,1259.4,4,1212.9,1259.4,61.64,1.251,TARGET,2023-12-15 10:05:00+05:30,2023-12-15 10:55:00+05:30,backtest
2023-12-18,NESTLEIND,SHORT,1219.0,1218.5,4,1229.0,1204.0,-47.75,-0.979,EOD,2023-12-18 09:55:00+05:30,2023-12-18 15:15:00+05:30,backtest
2023-12-18,HINDALCO,LONG,561.2,566.8,9,551.5,575.75,0.25,0.005,EOD,2023-12-18 09:45:00+05:30,2023-12-18 15:15:00+05:30,backtest
2023-12-19,NTPC,LONG,307.15,309.75,17,302.75,313.75,-6.29,-0.12,EOD,2023-12-19 11:15:00+05:30,2023-12-19 15:15:00+05:30,backtest
2023-12-19,WIPRO,SHORT,210.1,209.9,25,213.85,204.47,-45.5,-0.866,EOD,2023-12-19 09:50:00+05:30,2023-12-19 15:15:00+05:30,backtest
2023-12-20,ONGC,LONG,189.05,192.05,27,187.05,192.05,30.71,0.602,TARGET,2023-12-20 10:25:00+05:30,2023-12-20 10:45:00+05:30,backtest
2023-12-20,CIPLA,SHORT,1233.0,1243.65,4,1243.65,1217.02,-92.51,-1.876,SL,2023-12-20 10:00:00+05:30,2023-12-20 12:40:00+05:30,backtest
2023-12-22,KOTAKBANK,LONG,374.3,372.1,14,370.2,380.45,-81.25,-1.551,EOD,2023-12-22 09:40:00+05:30,2023-12-22 15:15:00+05:30,backtest
2023-12-22,NTPC,LONG,308.1,301.6,17,301.6,317.85,-160.86,-3.071,SL,2023-12-22 09:50:00+05:30,2023-12-22 13:35:00+05:30,backtest
2023-12-26,TECHM,LONG,1232.1,1231.5,4,1210.4,1264.65,-52.25,-1.06,EOD,2023-12-26 10:35:00+05:30,2023-12-26 15:15:00+05:30,backtest
2023-12-26,BAJAJFINSV,SHORT,1658.4,1645.0,3,1684.0,1620.0,-9.71,-0.195,EOD,2023-12-26 11:00:00+05:30,2023-12-26 15:15:00+05:30,backtest
2023-12-27,KOTAKBANK,LONG,380.9,377.0,13,377.0,386.75,-100.55,-2.031,SL,2023-12-27 11:15:00+05:30,2023-12-27 13:20:00+05:30,backtest
2023-12-27,HINDALCO,LONG,597.15,606.0,8,580.3,622.42,21.17,0.443,EOD,2023-12-27 09:55:00+05:30,2023-12-27 15:15:00+05:30,backtest
2023-12-28,RELIANCE,LONG,1301.8,1302.5,3,1293.4,1314.4,-45.71,-1.171,EOD,2023-12-28 11:25:00+05:30,2023-12-28 15:15:00+05:30,backtest
2023-12-28,ONGC,LONG,193.1,193.9,26,191.25,195.88,-29.26,-0.583,EOD,2023-12-28 11:35:00+05:30,2023-12-28 15:15:00+05:30,backtest
2023-12-29,BAJFINANCE,LONG,731.0,732.5,7,720.5,746.75,-39.74,-0.777,EOD,2023-12-29 11:50:00+05:30,2023-12-29 15:15:00+05:30,backtest
2023-12-29,ADANIPORTS,LONG,1032.45,1023.9,4,1017.6,1054.73,-82.43,-1.996,EOD,2023-12-29 09:50:00+05:30,2023-12-29 15:15:00+05:30,backtest
2024-01-01,TECHM,LONG,1230.1,1252.75,4,1215.0,1252.75,40.67,0.827,TARGET,2024-01-01 11:15:00+05:30,2024-01-01 14:40:00+05:30,backtest
2024-01-01,HCLTECH,LONG,1475.6,1482.15,3,1455.05,1506.42,-29.22,-0.66,EOD,2024-01-01 11:15:00+05:30,2024-01-01 15:15:00+05:30,backtest
2024-01-02,HDFCBANK,SHORT,845.8,851.4,6,851.4,837.4,-83.78,-1.651,SL,2024-01-02 09:55:00+05:30,2024-01-02 11:20:00+05:30,backtest
2024-01-02,INDUSINDBK,SHORT,1588.5,1574.77,3,1597.65,1574.77,-8.31,-0.174,TARGET,2024-01-02 10:00:00+05:30,2024-01-02 15:05:00+05:30,backtest
2024-01-03,SBIN,LONG,644.3,643.85,7,635.8,657.05,-52.17,-1.157,EOD,2024-01-03 10:30:00+05:30,2024-01-03 15:15:00+05:30,backtest
2024-01-04,SUNPHARMA,LONG,1311.6,1313.6,3,1297.05,1333.42,-41.88,-1.064,EOD,2024-01-04 10:15:00+05:30,2024-01-04 15:15:00+05:30,backtest
2024-01-05,RELIANCE,LONG,1309.0,1299.5,3,1299.5,1323.25,-76.33,-1.944,SL,2024-01-05 10:35:00+05:30,2024-01-05 13:55:00+05:30,backtest
2024-01-05,TATASTEEL,LONG,128.6,127.43,39,127.43,130.35,-95.62,-1.906,SL,2024-01-05 09:50:00+05:30,2024-01-05 13:40:00+05:30,backtest
2024-01-08,COALINDIA,LONG,364.05,360.1,13,360.1,369.98,-100.76,-2.129,SL,2024-01-08 09:50:00+05:30,2024-01-08 10:40:00+05:30,backtest
2024-01-08,BAJFINANCE,LONG,782.0,773.5,6,763.0,810.5,-100.33,-2.138,EOD,2024-01-08 10:30:00+05:30,2024-01-08 15:15:00+05:30,backtest
2024-01-09,SUNPHARMA,LONG,1317.05,1332.35,3,1306.85,1332.35,-2.05,-0.052,TARGET,2024-01-09 10:40:00+05:30,2024-01-09 12:20:00+05:30,backtest
2024-01-09,NTPC,LONG,318.0,320.92,15,316.05,320.92,-5.71,-0.12,TARGET,2024-01-09 09:45:00+05:30,2024-01-09 14:05:00+05:30,backtest
2024-01-11,POWERGRID,LONG,241.9,241.9,20,239.2,245.95,-49.68,-1.027,EOD,2024-01-11 10:10:00+05:30,2024-01-11 15:15:00+05:30,backtest
2024-01-11,SBILIFE,SHORT,1435.25,1426.2,3,1463.3,1393.18,-21.43,-0.498,EOD,2024-01-11 11:20:00+05:30,2024-01-11 15:15:00+05:30,backtest
2024-01-12,BAJFINANCE,SHORT,764.0,765.0,6,772.0,752.0,-55.17,-1.204,EOD,2024-01-12 09:45:00+05:30,2024-01-12 15:15:00+05:30,backtest
2024-01-12,SUNPHARMA,LONG,1319.95,1324.4,3,1305.55,1341.55,-34.58,-0.873,EOD,2024-01-12 11:05:00+05:30,2024-01-12 15:15:00+05:30,backtest
2024-01-15,KOTAKBANK,LONG,370.0,370.7,13,367.2,374.2,-40.53,-0.843,EOD,2024-01-15 11:20:00+05:30,2024-01-15 15:15:00+05:30,backtest
2024-01-15,BHARTIARTL,LONG,1082.3,1093.92,4,1074.55,1093.92,-2.2,-0.051,TARGET,2024-01-15 10:50:00+05:30,2024-01-15 12:55:00+05:30,backtest
2024-01-16,ITC,LONG,398.4,395.55,12,395.55,402.67,-83.73,-1.751,SL,2024-01-16 10:10:00+05:30,2024-01-16 13:00:00+05:30,backtest
2024-01-16,KOTAKBANK,LONG,370.6,369.6,13,368.3,374.05,-62.62,-1.3,EOD,2024-01-16 10:00:00+05:30,2024-01-16 15:15:00+05:30,backtest
2024-01-17,CIPLA,SHORT,1289.8,1295.95,3,1312.9,1255.15,-66.21,-1.711,EOD,2024-01-17 11:15:00+05:30,2024-01-17 15:15:00+05:30,backtest
2024-01-17,BAJAJFINSV,SHORT,1598.45,1585.95,3,1622.0,1563.12,-12.05,-0.251,EOD,2024-01-17 10:35:00+05:30,2024-01-17 15:15:00+05:30,backtest
2024-01-18,SBILIFE,LONG,1432.75,1406.15,3,1384.2,1505.57,-128.32,-2.985,EOD,2024-01-18 11:20:00+05:30,2024-01-18 15:15:00+05:30,backtest
2024-01-18,SUNPHARMA,LONG,1311.0,1342.5,3,1290.0,1342.5,46.54,1.183,TARGET,2024-01-18 10:25:00+05:30,2024-01-18 14:40:00+05:30,backtest
2024-01-19,ONGC,LONG,222.4,225.55,21,218.7,227.95,16.74,0.358,EOD,2024-01-19 09:40:00+05:30,2024-01-19 15:15:00+05:30,backtest
2024-01-20,COALINDIA,LONG,364.95,370.88,13,361.0,370.88,27.46,0.579,TARGET,2024-01-20 09:35:00+05:30,2024-01-20 09:45:00+05:30,backtest
2024-01-20,AXISBANK,SHORT,1112.2,1121.35,4,1126.45,1090.83,-85.53,-1.923,EOD,2024-01-20 09:40:00+05:30,2024-01-20 15:15:00+05:30,backtest
2024-01-24,M&M,LONG,1601.95,1626.7,3,1575.0,1642.38,24.56,0.511,EOD,2024-01-24 10:45:00+05:30,2024-01-24 15:15:00+05:30,backtest
2024-01-24,KOTAKBANK,SHORT,356.0,358.1,13,360.3,349.55,-76.58,-1.655,EOD,2024-01-24 10:45:00+05:30,2024-01-24 15:15:00+05:30,backtest
2024-01-25,BHARTIARTL,SHORT,1179.25,1162.75,4,1190.25,1162.75,16.63,0.353,TARGET,2024-01-25 10:45:00+05:30,2024-01-25 13:55:00+05:30,backtest
2024-01-29,SBIN,LONG,623.75,623.3,7,615.6,635.97,-51.88,-1.188,EOD,2024-01-29 10:30:00+05:30,2024-01-29 15:15:00+05:30,backtest
2024-01-31,SBIN,LONG,631.5,639.65,7,622.0,645.75,8.15,0.184,EOD,2024-01-31 10:30:00+05:30,2024-01-31 15:15:00+05:30,backtest
2024-01-31,INDUSINDBK,LONG,1535.55,1530.35,3,1507.15,1578.15,-64.8,-1.407,EOD,2024-01-31 10:05:00+05:30,2024-01-31 15:15:00+05:30,backtest
2024-02-01,HDFCLIFE,SHORT,571.8,578.5,8,578.5,561.75,-102.8,-2.247,SL,2024-02-01 11:00:00+05:30,2024-02-01 12:05:00+05:30,backtest
2024-02-05,HINDALCO,LONG,589.65,576.55,8,576.55,609.3,-154.13,-3.267,SL,2024-02-05 10:05:00+05:30,2024-02-05 14:55:00+05:30,backtest
2024-02-05,BHARTIARTL,SHORT,1122.3,1113.6,3,1159.65,1066.27,-20.61,-0.612,EOD,2024-02-05 11:30:00+05:30,2024-02-05 15:15:00+05:30,backtest
2024-02-06,ADANIPORTS,LONG,1275.6,1272.6,3,1248.85,1315.72,-56.64,-1.48,EOD,2024-02-06 10:45:00+05:30,2024-02-06 15:15:00+05:30,backtest
2024-02-06,KOTAKBANK,SHORT,358.0,357.5,13,362.8,350.8,-42.8,-0.92,EOD,2024-02-06 10:30:00+05:30,2024-02-06 15:15:00+05:30,backtest
2024-02-07,BHARTIARTL,SHORT,1133.2,1134.0,4,1148.25,1110.62,-52.27,-1.153,EOD,2024-02-07 11:00:00+05:30,2024-02-07 15:15:00+05:30,backtest
2024-02-07,BAJFINANCE,LONG,668.5,672.0,7,662.5,677.5,-24.88,-0.532,EOD,2024-02-07 09:35:00+05:30,2024-02-07 15:15:00+05:30,backtest
2024-02-08,SBILIFE,SHORT,1465.55,1456.3,3,1485.3,1435.92,-21.02,-0.478,EOD,2024-02-08 11:05:00+05:30,2024-02-08 15:15:00+05:30,backtest
2024-02-08,UPL,SHORT,451.85,446.05,10,462.15,436.4,9.02,0.2,EOD,2024-02-08 10:05:00+05:30,2024-02-08 15:15:00+05:30,backtest
2024-02-09,SUNPHARMA,LONG,1517.65,1534.75,3,1492.25,1555.75,2.14,0.047,EOD,2024-02-09 10:20:00+05:30,2024-02-09 15:15:00+05:30,backtest
2024-02-12,SBILIFE,SHORT,1427.2,1437.25,3,1448.0,1396.0,-78.74,-1.839,EOD,2024-02-12 11:45:00+05:30,2024-02-12 15:15:00+05:30,backtest
2024-02-13,SUNPHARMA,LONG,1540.65,1543.75,3,1525.45,1563.45,-39.95,-0.864,EOD,2024-02-13 09:35:00+05:30,2024-02-13 15:15:00+05:30,backtest
2024-02-13,INDUSINDBK,LONG,1457.65,1434.05,3,1434.05,1493.05,-119.48,-2.732,SL,2024-02-13 10:50:00+05:30,2024-02-13 12:10:00+05:30,backtest
2024-02-14,ONGC,LONG,242.7,249.37,19,238.25,249.37,77.48,1.68,TARGET,2024-02-14 10:30:00+05:30,2024-02-14 14:30:00+05:30,backtest
2024-02-15,BHARTIARTL,LONG,1124.75,1119.5,4,1112.15,1143.65,-69.98,-1.555,EOD,2024-02-15 10:30:00+05:30,2024-02-15 15:15:00+05:30,backtest
2024-02-16,SUNPHARMA,LONG,1515.1,1509.45,3,1504.85,1530.47,-66.02,-1.453,EOD,2024-02-16 09:45:00+05:30,2024-02-16 15:15:00+05:30,backtest
2024-02-16,SBIN,LONG,768.9,761.7,6,761.7,779.7,-92.38,-2.003,SL,2024-02-16 11:50:00+05:30,2024-02-16 14:05:00+05:30,backtest
2024-02-20,NTPC,LONG,343.1,345.85,13,337.8,351.05,-13.21,-0.296,EOD,2024-02-20 10:00:00+05:30,2024-02-20 15:15:00+05:30,backtest
2024-02-20,ICICIBANK,LONG,1048.05,1049.1,4,1033.25,1070.25,-44.19,-1.054,EOD,2024-02-20 10:05:00+05:30,2024-02-20 15:15:00+05:30,backtest
2024-02-21,HDFCLIFE,LONG,590.25,586.4,7,586.4,596.03,-75.19,-1.82,SL,2024-02-21 10:05:00+05:30,2024-02-21 10:25:00+05:30,backtest
2024-02-21,UPL,SHORT,475.8,472.8,9,479.8,469.8,-21.54,-0.503,EOD,2024-02-21 10:10:00+05:30,2024-02-21 15:15:00+05:30,backtest
2024-02-23,CIPLA,LONG,1470.85,1467.25,3,1449.75,1502.5,-59.61,-1.351,EOD,2024-02-23 09:40:00+05:30,2024-02-23 15:15:00+05:30,backtest
2024-02-26,KOTAKBANK,SHORT,341.6,341.1,13,345.1,336.35,-42.38,-0.954,EOD,2024-02-26 10:15:00+05:30,2024-02-26 15:15:00+05:30,backtest
2024-02-27,BHARTIARTL,LONG,1120.6,1129.65,4,1101.3,1149.55,-12.8,-0.286,EOD,2024-02-27 10:45:00+05:30,2024-02-27 15:15:00+05:30,backtest
2024-02-27,HDFCLIFE,LONG,583.7,581.15,7,572.85,599.98,-66.0,-1.615,EOD,2024-02-27 10:25:00+05:30,2024-02-27 15:15:00+05:30,backtest
2024-02-28,DRREDDY,LONG,1300.0,1288.0,3,1288.0,1318.0,-83.76,-2.148,SL,2024-02-28 09:40:00+05:30,2024-02-28 09:55:00+05:30,backtest
2024-02-28,AXISBANK,SHORT,1071.0,1072.35,4,1081.0,1056.0,-53.97,-1.26,EOD,2024-02-28 11:50:00+05:30,2024-02-28 15:15:00+05:30,backtest
2024-02-29,KOTAKBANK,SHORT,335.0,337.6,13,337.6,331.1,-82.54,-1.895,SL,2024-02-29 09:35:00+05:30,2024-02-29 09:50:00+05:30,backtest
2024-03-01,NESTLEIND,LONG,1302.5,1300.8,3,1291.2,1319.45,-52.91,-1.354,EOD,2024-03-01 09:40:00+05:30,2024-03-01 15:15:00+05:30,backtest
2024-03-01,HDFCLIFE,LONG,589.35,589.75,7,583.2,598.58,-45.45,-1.102,EOD,2024-03-01 10:15:00+05:30,2024-03-01 15:15:00+05:30,backtest
2024-03-02,TECHM,SHORT,1223.6,1223.6,3,1231.0,1212.5,-47.34,-1.29,EOD,2024-03-02 11:40:00+05:30,2024-03-02 12:25:00+05:30,backtest
2024-03-04,COALINDIA,LONG,427.25,427.55,10,421.95,435.2,-45.55,-1.066,EOD,2024-03-04 10:25:00+05:30,2024-03-04 15:15:00+05:30,backtest
2024-03-05,ONGC,LONG,261.4,264.15,16,257.55,267.17,-4.41,-0.105,EOD,2024-03-05 09:40:00+05:30,2024-03-05 15:15:00+05:30,backtest
2024-03-05,ITC,SHORT,345.0,344.0,12,348.5,339.75,-36.27,-0.876,EOD,2024-03-05 10:20:00+05:30,2024-03-05 15:15:00+05:30,backtest
2024-03-06,AXISBANK,LONG,1124.1,1123.95,3,1095.35,1167.22,-47.19,-1.399,EOD,2024-03-06 10:15:00+05:30,2024-03-06 15:15:00+05:30,backtest
2024-03-06,KOTAKBANK,LONG,348.6,351.4,12,343.7,355.95,-14.8,-0.354,EOD,2024-03-06 09:40:00+05:30,2024-03-06 15:15:00+05:30,backtest
2024-03-11,NESTLEIND,LONG,1287.5,1307.3,3,1274.3,1307.3,11.62,0.301,TARGET,2024-03-11 10:05:00+05:30,2024-03-11 10:50:00+05:30,backtest
2024-03-11,DRREDDY,LONG,1280.7,1276.5,3,1262.0,1308.75,-60.27,-1.569,EOD,2024-03-11 11:25:00+05:30,2024-03-11 15:15:00+05:30,backtest
2024-03-12,HDFCBANK,LONG,723.2,729.3,6,714.6,736.1,-12.12,-0.279,EOD,2024-03-12 09:35:00+05:30,2024-03-12 15:15:00+05:30,backtest
2024-03-12,AXISBANK,LONG,1116.05,1100.0,3,1100.0,1140.12,-94.8,-2.831,SL,2024-03-12 09:35:00+05:30,2024-03-12 10:40:00+05:30,backtest
2024-03-13,BAJFINANCE,LONG,651.0,641.0,6,641.0,666.0,-107.75,-2.759,SL,2024-03-13 10:10:00+05:30,2024-03-13 12:20:00+05:30,backtest
2024-03-13,JSWSTEEL,LONG,819.65,809.35,5,809.35,835.1,-99.64,-2.431,SL,2024-03-13 10:35:00+05:30,2024-03-13 11:10:00+05:30,backtest
2024-03-14,BHARTIARTL,LONG,1183.7,1195.5,3,1163.55,1213.93,-11.74,-0.331,EOD,2024-03-14 10:25:00+05:30,2024-03-14 15:15:00+05:30,backtest
2024-03-15,NTPC,SHORT,311.9,315.4,9,326.05,290.67,-77.15,-2.748,EOD,2024-03-15 10:05:00+05:30,2024-03-15 15:15:00+05:30,backtest
2024-03-15,HDFCLIFE,LONG,626.0,631.8,6,616.0,641.0,-12.75,-0.339,EOD,2024-03-15 11:40:00+05:30,2024-03-15 15:15:00+05:30,backtest
2024-03-18,BHARTIARTL,LONG,1227.95,1225.35,3,1215.2,1247.08,-55.16,-1.497,EOD,2024-03-18 11:00:00+05:30,2024-03-18 15:15:00+05:30,backtest
2024-03-18,DRREDDY,LONG,1266.2,1267.4,3,1253.6,1285.1,-44.0,-1.158,EOD,2024-03-18 09:45:00+05:30,2024-03-18 15:15:00+05:30,backtest
2024-03-19,ITC,SHORT,348.3,347.0,12,355.4,337.65,-32.74,-0.783,EOD,2024-03-19 11:30:00+05:30,2024-03-19 15:15:00+05:30,backtest
2024-03-19,KOTAKBANK,LONG,348.1,351.1,12,346.1,351.1,-12.39,-0.297,TARGET,2024-03-19 10:55:00+05:30,2024-03-19 12:25:00+05:30,backtest
2024-03-20,SBIN,LONG,731.75,724.25,5,724.25,743.0,-84.78,-2.317,SL,2024-03-20 09:35:00+05:30,2024-03-20 10:40:00+05:30,backtest
2024-03-20,ICICIBANK,SHORT,1070.65,1085.6,3,1085.6,1048.23,-91.32,-2.843,SL,2024-03-20 10:40:00+05:30,2024-03-20 12:15:00+05:30,backtest
2024-03-21,HDFCLIFE,LONG,631.6,625.85,6,625.85,640.23,-82.04,-2.165,SL,2024-03-21 10:10:00+05:30,2024-03-21 14:05:00+05:30,backtest
2024-03-21,TECHM,LONG,1234.4,1234.6,3,1220.4,1255.4,-46.81,-1.264,EOD,2024-03-21 11:20:00+05:30,2024-03-21 15:15:00+05:30,backtest
2024-03-22,KOTAKBANK,LONG,355.6,355.1,11,353.0,359.5,-53.32,-1.363,EOD,2024-03-22 10:10:00+05:30,2024-03-22 15:15:00+05:30,backtest
2024-03-22,ICICIBANK,LONG,1087.75,1090.2,3,1078.7,1101.32,-39.18,-1.201,EOD,2024-03-22 09:35:00+05:30,2024-03-22 15:15:00+05:30,backtest
2024-04-01,AXISBANK,LONG,1060.5,1054.0,3,1048.9,1077.9,-65.84,-2.07,EOD,2024-04-01 10:00:00+05:30,2024-04-01 15:15:00+05:30,backtest
2024-04-04,HDFCLIFE,SHORT,620.55,622.7,6,626.5,611.62,-60.36,-1.621,EOD,2024-04-04 09:50:00+05:30,2024-04-04 15:15:00+05:30,backtest
2024-04-04,UPL,LONG,463.05,469.5,8,458.75,469.5,4.14,0.112,TARGET,2024-04-04 11:55:00+05:30,2024-04-04 12:40:00+05:30,backtest
2024-04-08,NTPC,SHORT,354.3,356.6,11,356.6,350.85,-73.12,-1.876,SL,2024-04-08 10:20:00+05:30,2024-04-08 13:00:00+05:30,backtest
2024-04-09,JSWSTEEL,LONG,885.25,874.85,4,871.15,906.4,-88.64,-2.503,EOD,2024-04-09 10:00:00+05:30,2024-04-09 15:15:00+05:30,backtest
2024-04-09,TATASTEEL,LONG,160.51,158.8,25,157.92,164.39,-90.73,-2.261,EOD,2024-04-09 09:55:00+05:30,2024-04-09 15:15:00+05:30,backtest
2024-04-12,POWERGRID,SHORT,280.1,275.15,14,284.45,273.58,21.53,0.549,EOD,2024-04-12 09:40:00+05:30,2024-04-12 15:15:00+05:30,backtest
2024-04-12,TECHM,SHORT,1204.0,1191.9,3,1219.5,1180.75,-10.89,-0.301,EOD,2024-04-12 10:20:00+05:30,2024-04-12 15:15:00+05:30,backtest
2024-04-15,JSWSTEEL,LONG,880.7,860.55,3,850.25,926.38,-105.67,-4.0,EOD,2024-04-15 10:40:00+05:30,2024-04-15 15:15:00+05:30,backtest
2024-04-15,ONGC,LONG,253.35,260.48,15,248.6,260.48,59.17,1.557,TARGET,2024-04-15 09:45:00+05:30,2024-04-15 11:55:00+05:30,backtest
2024-04-16,HINDALCO,LONG,620.75,608.95,6,606.8,641.68,-118.18,-3.173,EOD,2024-04-16 10:15:00+05:30,2024-04-16 15:15:00+05:30,backtest
2024-04-23,ITC,LONG,363.8,363.6,10,360.1,369.35,-49.27,-1.354,EOD,2024-04-23 09:45:00+05:30,2024-04-23 15:15:00+05:30,backtest
2024-04-24,ICICIBANK,LONG,1094.1,1096.95,3,1089.0,1101.75,-38.02,-1.158,EOD,2024-04-24 11:25:00+05:30,2024-04-24 15:15:00+05:30,backtest
2024-04-24,BAJFINANCE,LONG,732.0,734.0,5,725.0,742.5,-37.33,-1.02,EOD,2024-04-24 10:35:00+05:30,2024-04-24 15:15:00+05:30,backtest
2024-04-25,ITC,LONG,365.9,369.57,10,363.45,369.57,-10.6,-0.29,TARGET,2024-04-25 10:10:00+05:30,2024-04-25 13:15:00+05:30,backtest
2024-04-25,TECHM,SHORT,1129.0,1142.3,3,1142.3,1109.05,-86.71,-2.56,SL,2024-04-25 10:35:00+05:30,2024-04-25 14:25:00+05:30,backtest
2024-04-26,UPL,LONG,489.35,486.85,8,485.5,495.13,-67.81,-1.732,EOD,2024-04-26 11:00:00+05:30,2024-04-26 15:15:00+05:30,backtest
2024-04-26,HDFCBANK,LONG,762.8,756.2,5,756.2,772.7,-80.59,-2.113,SL,2024-04-26 09:45:00+05:30,2024-04-26 10:35:00+05:30,backtest
2024-04-30,POWERGRID,LONG,298.75,302.25,13,293.05,307.3,-2.31,-0.06,EOD,2024-04-30 11:10:00+05:30,2024-04-30 15:15:00+05:30,backtest
2024-04-30,ITC,LONG,372.85,370.9,10,370.9,375.78,-66.94,-1.795,SL,2024-04-30 09:50:00+05:30,2024-04-30 13:25:00+05:30,backtest
2024-05-03,AXISBANK,SHORT,1146.0,1142.45,3,1163.25,1120.12,-36.22,-1.053,EOD,2024-05-03 10:35:00+05:30,2024-05-03 15:15:00+05:30,backtest
2024-05-03,COALINDIA,LONG,436.1,446.0,8,422.0,457.25,32.14,0.921,EOD,2024-05-03 10:05:00+05:30,2024-05-03 15:15:00+05:30,backtest
2024-05-06,UPL,SHORT,470.55,464.0,8,478.0,459.38,4.92,0.131,EOD,2024-05-06 09:55:00+05:30,2024-05-06 15:15:00+05:30,backtest
2024-05-08,SBIN,LONG,811.6,810.7,4,799.5,829.75,-50.09,-1.543,EOD,2024-05-08 11:55:00+05:30,2024-05-08 15:15:00+05:30,backtest
2024-05-08,ICICIBANK,SHORT,1119.25,1124.65,3,1132.0,1100.12,-62.93,-1.874,EOD,2024-05-08 11:20:00+05:30,2024-05-08 15:15:00+05:30,backtest
2024-05-09,TECHM,SHORT,1213.3,1217.3,3,1235.3,1180.3,-59.29,-1.629,EOD,2024-05-09 10:20:00+05:30,2024-05-09 15:15:00+05:30,backtest
2024-05-10,UPL,LONG,459.5,480.12,8,445.75,480.12,117.48,3.196,TARGET,2024-05-10 11:00:00+05:30,2024-05-10 14:55:00+05:30,backtest
2024-05-15,TECHM,SHORT,1222.2,1224.1,3,1232.4,1206.9,-53.04,-1.447,EOD,2024-05-15 11:25:00+05:30,2024-05-15 15:15:00+05:30,backtest
2024-05-15,POWERGRID,LONG,312.75,314.75,12,309.25,318.0,-23.53,-0.627,EOD,2024-05-15 11:00:00+05:30,2024-05-15 15:15:00+05:30,backtest
2024-05-17,COALINDIA,LONG,444.0,442.05,8,438.3,452.55,-62.69,-1.765,EOD,2024-05-17 11:35:00+05:30,2024-05-17 15:15:00+05:30,backtest
2024-05-17,JSWSTEEL,LONG,908.65,907.45,4,882.65,947.65,-52.06,-1.432,EOD,2024-05-17 11:40:00+05:30,2024-05-17 15:15:00+05:30,backtest
2024-05-18,ICICIBANK,SHORT,1127.15,1127.15,3,1133.0,1118.38,-46.76,-1.383,EOD,2024-05-18 09:45:00+05:30,2024-05-18 12:25:00+05:30,backtest
2024-05-18,NESTLEIND,LONG,1258.0,1258.0,3,1229.9,1300.15,-47.55,-1.26,EOD,2024-05-18 09:45:00+05:30,2024-05-18 12:25:00+05:30,backtest
2024-05-22,ITC,LONG,372.15,372.5,10,368.85,377.1,-43.95,-1.181,EOD,2024-05-22 09:35:00+05:30,2024-05-22 15:15:00+05:30,backtest
2024-05-23,WIPRO,LONG,222.6,222.85,16,220.7,225.45,-43.13,-1.211,EOD,2024-05-23 09:35:00+05:30,2024-05-23 15:15:00+05:30,backtest
2024-05-27,ICICIBANK,LONG,1142.5,1129.95,3,1129.95,1161.32,-84.47,-2.464,SL,2024-05-27 11:55:00+05:30,2024-05-27 14:55:00+05:30,backtest
2024-05-27,SBIN,LONG,834.4,834.05,4,828.2,843.7,-48.07,-1.44,EOD,2024-05-27 11:55:00+05:30,2024-05-27 15:15:00+05:30,backtest
2024-05-28,HDFCLIFE,LONG,571.55,578.4,6,563.65,583.4,-5.8,-0.169,EOD,2024-05-28 09:45:00+05:30,2024-05-28 15:15:00+05:30,backtest
2024-05-31,ITC,LONG,363.0,360.15,10,360.15,367.28,-75.73,-2.086,SL,2024-05-31 09:45:00+05:30,2024-05-31 14:30:00+05:30,backtest
2024-06-05,ITC,LONG,363.95,365.7,10,354.15,378.65,-29.8,-0.819,EOD,2024-06-05 10:00:00+05:30,2024-06-05 15:15:00+05:30,backtest
2024-06-05,TECHM,LONG,1218.7,1214.2,3,1187.6,1265.35,-60.8,-1.663,EOD,2024-06-05 10:55:00+05:30,2024-06-05 15:15:00+05:30,backtest
2024-06-06,DRREDDY,LONG,1183.5,1177.95,3,1156.3,1224.3,-63.73,-1.795,EOD,2024-06-06 11:05:00+05:30,2024-06-06 15:15:00+05:30,backtest
2024-06-06,BAJFINANCE,LONG,695.0,692.5,5,682.0,714.5,-59.44,-1.71,EOD,2024-06-06 11:50:00+05:30,2024-06-06 15:15:00+05:30,backtest
2024-06-07,AXISBANK,LONG,1189.95,1186.25,3,1166.75,1224.75,-58.23,-1.631,EOD,2024-06-07 11:45:00+05:30,2024-06-07 15:15:00+05:30,backtest
2024-06-07,BAJFINANCE,LONG,712.5,717.5,5,694.0,740.25,-22.15,-0.622,EOD,2024-06-07 10:05:00+05:30,2024-06-07 15:15:00+05:30,backtest
2024-06-11,HDFCLIFE,LONG,575.0,572.1,6,566.2,588.2,-64.28,-1.863,EOD,2024-06-11 10:20:00+05:30,2024-06-11 15:15:00+05:30,backtest
2024-06-12,BAJFINANCE,LONG,721.0,721.0,5,711.5,735.25,-47.21,-1.31,EOD,2024-06-12 09:55:00+05:30,2024-06-12 15:15:00+05:30,backtest
2024-06-19,HDFCBANK,LONG,812.9,829.25,4,802.0,829.25,18.83,0.579,TARGET,2024-06-19 09:55:00+05:30,2024-06-19 14:00:00+05:30,backtest
2024-06-19,SBIN,LONG,852.7,844.35,4,844.35,865.23,-80.19,-2.351,SL,2024-06-19 09:55:00+05:30,2024-06-19 10:30:00+05:30,backtest
2024-06-21,HDFCLIFE,SHORT,584.9,581.0,6,592.6,573.35,-23.6,-0.672,EOD,2024-06-21 11:05:00+05:30,2024-06-21 15:15:00+05:30,backtest
2024-06-21,ONGC,LONG,255.05,251.45,14,251.45,260.45,-97.49,-2.73,SL,2024-06-21 09:40:00+05:30,2024-06-21 13:05:00+05:30,backtest
2024-06-27,WIPRO,LONG,239.0,243.95,14,233.8,246.8,22.54,0.674,EOD,2024-06-27 11:25:00+05:30,2024-06-27 15:15:00+05:30,backtest
2024-06-28,SBIN,LONG,862.25,847.2,4,844.0,889.62,-107.04,-3.103,EOD,2024-06-28 09:45:00+05:30,2024-06-28 15:15:00+05:30,backtest
2024-07-01,UPL,LONG,550.9,549.8,6,544.2,560.95,-53.2,-1.61,EOD,2024-07-01 09:55:00+05:30,2024-07-01 15:15:00+05:30,backtest
2024-07-01,WIPRO,LONG,253.0,251.95,14,245.7,263.95,-61.77,-1.744,EOD,2024-07-01 10:30:00+05:30,2024-07-01 15:15:00+05:30,backtest
2024-07-02,HINDALCO,LONG,701.4,694.7,5,688.4,720.9,-80.48,-2.295,EOD,2024-07-02 10:55:00+05:30,2024-07-02 15:15:00+05:30,backtest
2024-07-02,POWERGRID,LONG,333.2,330.7,10,328.05,340.92,-71.64,-2.15,EOD,2024-07-02 09:35:00+05:30,2024-07-02 15:15:00+05:30,backtest
2024-07-04,HDFCLIFE,LONG,603.9,604.0,5,594.3,618.3,-45.54,-1.508,EOD,2024-07-04 09:55:00+05:30,2024-07-04 15:15:00+05:30,backtest
2024-07-08,ITC,LONG,372.25,375.55,9,367.35,379.6,-17.03,-0.508,EOD,2024-07-08 10:20:00+05:30,2024-07-08 15:15:00+05:30,backtest
2024-07-08,COALINDIA,LONG,464.1,463.3,7,458.9,471.9,-52.09,-1.603,EOD,2024-07-08 11:35:00+05:30,2024-07-08 15:15:00+05:30,backtest
2024-07-09,BAJFINANCE,SHORT,709.0,707.5,4,714.0,701.5,-39.67,-1.399,EOD,2024-07-09 09:40:00+05:30,2024-07-09 15:15:00+05:30,backtest
2024-07-09,KOTAKBANK,SHORT,368.0,369.7,9,374.0,359.0,-61.94,-1.87,EOD,2024-07-09 11:05:00+05:30,2024-07-09 15:15:00+05:30,backtest
2024-07-10,NTPC,LONG,381.75,376.95,8,376.95,388.95,-84.47,-2.766,SL,2024-07-10 09:35:00+05:30,2024-07-10 10:20:00+05:30,backtest
2024-07-10,TATASTEEL,SHORT,165.99,164.17,20,168.95,161.55,-10.2,-0.307,EOD,2024-07-10 10:05:00+05:30,2024-07-10 15:15:00+05:30,backtest
2024-07-11,ONGC,LONG,279.9,285.75,12,276.0,285.75,23.41,0.697,TARGET,2024-07-11 10:50:00+05:30,2024-07-11 14:20:00+05:30,backtest
2024-07-12,KOTAKBANK,SHORT,366.1,369.8,9,369.8,360.55,-79.92,-2.426,SL,2024-07-12 11:40:00+05:30,2024-07-12 13:30:00+05:30,backtest
2024-07-12,JSWSTEEL,LONG,931.75,934.3,3,925.0,941.88,-37.95,-1.358,EOD,2024-07-12 10:50:00+05:30,2024-07-12 15:15:00+05:30,backtest
2024-07-15,HDFCLIFE,LONG,637.55,637.55,5,630.5,648.12,-46.38,-1.455,EOD,2024-07-15 10:10:00+05:30,2024-07-15 15:15:00+05:30,backtest
2024-07-15,ITC,LONG,392.45,392.5,8,387.35,400.1,-45.88,-1.461,EOD,2024-07-15 10:10:00+05:30,2024-07-15 15:15:00+05:30,backtest
2024-07-16,JSWSTEEL,LONG,938.8,933.8,3,928.15,954.77,-60.62,-2.152,EOD,2024-07-16 10:40:00+05:30,2024-07-16 15:15:00+05:30,backtest
2024-07-16,KOTAKBANK,SHORT,364.6,361.3,9,369.8,356.8,-16.83,-0.513,EOD,2024-07-16 10:15:00+05:30,2024-07-16 15:15:00+05:30,backtest
2024-07-18,HDFCLIFE,SHORT,641.55,649.9,5,649.9,629.02,-88.21,-2.75,SL,2024-07-18 11:10:00+05:30,2024-07-18 14:05:00+05:30,backtest
2024-07-22,HDFCLIFE,LONG,637.45,637.75,5,628.95,650.2,-44.88,-1.408,EOD,2024-07-22 09:55:00+05:30,2024-07-22 15:15:00+05:30,backtest
2024-07-23,NTPC,LONG,380.25,374.0,8,374.0,389.62,-96.03,-3.157,SL,2024-07-23 09:35:00+05:30,2024-07-23 10:55:00+05:30,backtest
2024-07-23,UPL,LONG,529.8,521.5,6,521.5,542.25,-96.11,-3.023,SL,2024-07-23 11:10:00+05:30,2024-07-23 11:15:00+05:30,backtest
2024-07-25,COALINDIA,LONG,472.45,464.5,5,454.5,499.38,-84.43,-3.574,EOD,2024-07-25 11:45:00+05:30,2024-07-25 15:15:00+05:30,backtest
2024-07-29,HDFCLIFE,SHORT,698.5,696.5,4,710.0,681.25,-37.58,-1.345,EOD,2024-07-29 09:40:00+05:30,2024-07-29 15:15:00+05:30,backtest
2024-07-30,ITC,SHORT,415.1,415.25,7,421.7,405.2,-46.86,-1.613,EOD,2024-07-30 11:50:00+05:30,2024-07-30 15:15:00+05:30,backtest
2024-07-31,HDFCLIFE,LONG,703.15,718.22,4,693.1,718.22,14.61,0.52,TARGET,2024-07-31 10:50:00+05:30,2024-07-31 14:15:00+05:30,backtest
2024-07-31,JSWSTEEL,LONG,918.4,924.55,3,902.7,941.95,-27.08,-0.983,EOD,2024-07-31 10:35:00+05:30,2024-07-31 15:15:00+05:30,backtest
2024-08-01,KOTAKBANK,SHORT,360.0,359.0,8,363.6,354.6,-37.75,-1.311,EOD,2024-08-01 09:50:00+05:30,2024-08-01 15:15:00+05:30,backtest
2024-08-02,POWERGRID,SHORT,355.75,358.15,9,361.05,347.8,-68.03,-2.125,EOD,2024-08-02 09:40:00+05:30,2024-08-02 15:15:00+05:30,backtest
2024-08-02,KOTAKBANK,LONG,360.0,361.0,8,355.0,367.5,-37.77,-1.311,EOD,2024-08-02 11:20:00+05:30,2024-08-02 15:15:00+05:30,backtest
2024-08-08,ITC,LONG,420.75,417.9,7,417.9,425.03,-65.82,-2.235,SL,2024-08-08 11:45:00+05:30,2024-08-08 13:05:00+05:30,backtest
2024-08-09,UPL,LONG,537.1,532.9,5,528.2,550.45,-66.35,-2.471,EOD,2024-08-09 09:45:00+05:30,2024-08-09 15:15:00+05:30,backtest
2024-08-12,KOTAKBANK,LONG,354.4,354.0,8,350.2,360.7,-48.87,-1.724,EOD,2024-08-12 10:15:00+05:30,2024-08-12 15:15:00+05:30,backtest
2024-08-12,JSWSTEEL,LONG,915.85,918.7,3,898.1,942.48,-36.95,-1.345,EOD,2024-08-12 09:40:00+05:30,2024-08-12 15:15:00+05:30,backtest
2024-08-14,COALINDIA,SHORT,480.7,472.6,6,495.7,458.2,2.88,0.1,EOD,2024-08-14 10:55:00+05:30,2024-08-14 15:15:00+05:30,backtest
2024-08-14,HDFCLIFE,LONG,686.5,686.15,4,676.4,701.65,-46.89,-1.708,EOD,2024-08-14 11:25:00+05:30,2024-08-14 15:15:00+05:30,backtest
2024-08-16,ITC,LONG,420.85,425.2,7,417.95,425.2,-15.47,-0.525,TARGET,2024-08-16 11:45:00+05:30,2024-08-16 15:00:00+05:30,backtest
2024-08-16,WIPRO,LONG,243.85,247.05,12,238.0,252.62,-7.49,-0.256,EOD,2024-08-16 10:15:00+05:30,2024-08-16 15:15:00+05:30,backtest
2024-08-20,BAJFINANCE,LONG,667.0,674.5,4,662.0,674.5,-15.37,-0.576,TARGET,2024-08-20 09:45:00+05:30,2024-08-20 13:55:00+05:30,backtest
2024-08-21,ITC,LONG,427.4,428.1,7,422.8,434.3,-41.09,-1.373,EOD,2024-08-21 10:25:00+05:30,2024-08-21 15:15:00+05:30,backtest
2024-08-23,JSWSTEEL,LONG,940.25,941.6,3,929.15,956.9,-41.6,-1.475,EOD,2024-08-23 11:20:00+05:30,2024-08-23 15:15:00+05:30,backtest
2024-08-26,NTPC,LONG,406.15,412.45,7,401.95,412.45,-1.63,-0.057,TARGET,2024-08-26 10:30:00+05:30,2024-08-26 12:05:00+05:30,backtest
2024-08-27,HDFCLIFE,LONG,730.75,739.35,4,719.3,747.93,-11.48,-0.393,EOD,2024-08-27 11:00:00+05:30,2024-08-27 15:15:00+05:30,backtest
2024-08-27,WIPRO,SHORT,247.55,247.55,12,250.05,243.8,-45.94,-1.547,EOD,2024-08-27 11:35:00+05:30,2024-08-27 15:15:00+05:30,backtest
2024-08-28,WIPRO,LONG,251.2,256.67,12,247.55,256.67,19.61,0.65,TARGET,2024-08-28 10:25:00+05:30,2024-08-28 11:50:00+05:30,backtest
2024-08-29,ITC,LONG,424.6,429.55,7,421.3,429.55,-11.33,-0.381,TARGET,2024-08-29 10:55:00+05:30,2024-08-29 13:10:00+05:30,backtest
2024-08-29,BAJFINANCE,LONG,696.0,708.0,4,688.0,708.0,2.38,0.086,TARGET,2024-08-29 09:45:00+05:30,2024-08-29 10:30:00+05:30,backtest
2024-08-30,JSWSTEEL,LONG,952.15,940.05,3,940.05,970.3,-81.98,-2.87,SL,2024-08-30 09:45:00+05:30,2024-08-30 15:00:00+05:30,backtest
2024-09-02,BAJFINANCE,LONG,732.0,744.0,4,724.0,744.0,2.1,0.072,TARGET,2024-09-02 10:00:00+05:30,2024-09-02 11:00:00+05:30,backtest
2024-09-02,WIPRO,SHORT,255.3,254.7,11,259.0,249.75,-39.01,-1.389,EOD,2024-09-02 11:00:00+05:30,2024-09-02 15:15:00+05:30,backtest
2024-09-03,ONGC,SHORT,302.15,299.75,10,305.3,297.42,-22.02,-0.729,EOD,2024-09-03 10:20:00+05:30,2024-09-03 15:15:00+05:30,backtest
2024-09-03,WIPRO,LONG,258.05,256.0,11,253.05,265.55,-68.2,-2.403,EOD,2024-09-03 10:00:00+05:30,2024-09-03 15:15:00+05:30,backtest
2024-09-04,JSWSTEEL,LONG,925.0,933.65,3,912.0,944.5,-19.63,-0.707,EOD,2024-09-04 11:30:00+05:30,2024-09-04 15:15:00+05:30,backtest
2024-09-05,POWERGRID,SHORT,330.95,333.2,9,333.2,327.57,-66.23,-2.223,SL,2024-09-05 10:55:00+05:30,2024-09-05 12:35:00+05:30,backtest
2024-09-05,JSWSTEEL,LONG,942.35,933.1,3,933.1,956.23,-73.38,-2.596,SL,2024-09-05 09:35:00+05:30,2024-09-05 11:40:00+05:30,backtest
2024-09-06,WIPRO,SHORT,248.95,248.65,11,253.25,242.5,-42.17,-1.54,EOD,2024-09-06 10:30:00+05:30,2024-09-06 15:15:00+05:30,backtest
2024-09-06,JSWSTEEL,LONG,931.7,932.6,3,922.05,946.18,-42.89,-1.535,EOD,2024-09-06 11:50:00+05:30,2024-09-06 15:15:00+05:30,backtest
2024-09-11,BAJFINANCE,LONG,734.0,734.0,4,721.0,753.5,-45.87,-1.562,EOD,2024-09-11 11:25:00+05:30,2024-09-11 15:15:00+05:30,backtest
2024-09-13,WIPRO,LONG,260.55,263.2,11,253.7,270.83,-16.61,-0.58,EOD,2024-09-13 09:45:00+05:30,2024-09-13 15:15:00+05:30,backtest
2024-09-13,BAJFINANCE,LONG,750.0,758.5,3,735.0,772.5,-19.03,-0.846,EOD,2024-09-13 10:05:00+05:30,2024-09-13 15:15:00+05:30,backtest
2024-09-16,COALINDIA,SHORT,460.0,464.0,6,464.0,454.0,-69.54,-2.52,SL,2024-09-16 10:10:00+05:30,2024-09-16 13:00:00+05:30,backtest
2024-09-17,ITC,SHORT,430.35,429.8,6,435.05,423.3,-41.86,-1.621,EOD,2024-09-17 11:55:00+05:30,2024-09-17 15:15:00+05:30,backtest
2024-09-18,SBIN,LONG,791.0,792.25,3,782.0,804.5,-41.0,-1.728,EOD,2024-09-18 10:40:00+05:30,2024-09-18 15:15:00+05:30,backtest
2024-09-19,UPL,SHORT,573.1,571.7,5,587.8,551.05,-38.72,-1.351,EOD,2024-09-19 10:15:00+05:30,2024-09-19 15:15:00+05:30,backtest
2024-09-19,COALINDIA,SHORT,456.4,448.52,6,461.65,448.52,1.82,0.066,TARGET,2024-09-19 10:15:00+05:30,2024-09-19 11:40:00+05:30,backtest
2024-09-20,KOTAKBANK,LONG,378.1,380.8,7,374.0,384.25,-26.41,-0.998,EOD,2024-09-20 10:45:00+05:30,2024-09-20 15:15:00+05:30,backtest
2024-09-20,ITC,LONG,434.15,431.2,6,431.2,438.57,-62.89,-2.414,SL,2024-09-20 10:35:00+05:30,2024-09-20 13:35:00+05:30,backtest
2024-09-24,KOTAKBANK,SHORT,382.4,382.9,7,387.7,374.45,-48.86,-1.825,EOD,2024-09-24 11:00:00+05:30,2024-09-24 15:15:00+05:30,backtest
2024-09-24,SBIN,LONG,802.8,798.85,3,796.5,812.25,-56.65,-2.352,EOD,2024-09-24 11:35:00+05:30,2024-09-24 15:15:00+05:30,backtest
2024-09-25,UPL,SHORT,574.7,575.45,4,581.0,565.25,-47.6,-2.071,EOD,2024-09-25 11:40:00+05:30,2024-09-25 15:15:00+05:30,backtest
2024-09-25,BAJFINANCE,LONG,756.5,763.0,3,750.0,766.25,-25.06,-1.104,EOD,2024-09-25 09:40:00+05:30,2024-09-25 15:15:00+05:30,backtest
2024-09-26,TATASTEEL,LONG,159.58,161.86,17,156.82,163.72,-6.7,-0.247,EOD,2024-09-26 10:45:00+05:30,2024-09-26 15:15:00+05:30,backtest
2024-09-26,HINDALCO,LONG,730.35,733.9,3,710.7,759.83,-33.74,-1.54,EOD,2024-09-26 11:40:00+05:30,2024-09-26 15:15:00+05:30,backtest
2024-09-27,HDFCLIFE,LONG,732.5,730.5,3,726.35,741.72,-50.39,-2.293,EOD,2024-09-27 09:35:00+05:30,2024-09-27 15:15:00+05:30,backtest
2024-09-30,POWERGRID,SHORT,351.1,352.9,7,357.45,341.58,-57.53,-2.341,EOD,2024-09-30 09:35:00+05:30,2024-09-30 15:15:00+05:30,backtest
2024-10-03,SBIN,LONG,801.95,785.35,3,785.35,826.85,-94.56,-3.93,SL,2024-10-03 09:50:00+05:30,2024-10-03 13:20:00+05:30,backtest
2024-10-07,NTPC,SHORT,419.75,414.95,6,433.0,399.88,-16.21,-0.644,EOD,2024-10-07 10:40:00+05:30,2024-10-07 15:15:00+05:30,backtest
2024-10-08,NTPC,LONG,422.1,420.4,6,411.3,438.3,-55.26,-2.182,EOD,2024-10-08 09:55:00+05:30,2024-10-08 15:15:00+05:30,backtest
2024-10-09,HDFCLIFE,LONG,717.0,717.0,3,703.75,736.88,-44.3,-2.06,EOD,2024-10-09 10:00:00+05:30,2024-10-09 15:15:00+05:30,backtest
2024-10-10,KOTAKBANK,LONG,365.3,371.6,7,361.1,371.6,-1.06,-0.041,TARGET,2024-10-10 09:45:00+05:30,2024-10-10 12:35:00+05:30,backtest
2024-10-10,HDFCLIFE,SHORT,717.95,723.9,3,723.9,709.03,-62.18,-2.887,SL,2024-10-10 09:35:00+05:30,2024-10-10 13:55:00+05:30,backtest
2024-10-11,ITC,SHORT,414.7,413.75,6,418.45,409.07,-39.27,-1.578,EOD,2024-10-11 09:45:00+05:30,2024-10-11 15:15:00+05:30,backtest
2024-10-11,HDFCLIFE,SHORT,718.5,724.4,3,724.4,709.65,-62.03,-2.878,SL,2024-10-11 10:50:00+05:30,2024-10-11 14:50:00+05:30,backtest
2024-10-15,ITC,SHORT,420.3,422.7,6,422.7,416.7,-59.46,-2.358,SL,2024-10-15 10:35:00+05:30,2024-10-15 10:50:00+05:30,backtest
2024-10-15,NTPC,LONG,426.8,426.75,6,423.55,431.68,-45.42,-1.774,EOD,2024-10-15 10:05:00+05:30,2024-10-15 15:15:00+05:30,backtest
2024-10-17,NTPC,SHORT,422.1,416.85,6,425.6,416.85,-13.53,-0.534,TARGET,2024-10-17 11:45:00+05:30,2024-10-17 15:00:00+05:30,backtest
2024-10-17,UPL,SHORT,540.8,531.12,4,547.25,531.12,-5.59,-0.258,TARGET,2024-10-17 09:40:00+05:30,2024-10-17 13:50:00+05:30,backtest
2024-10-18,HDFCLIFE,LONG,734.95,742.8,3,720.1,757.23,-20.88,-0.947,EOD,2024-10-18 10:10:00+05:30,2024-10-18 15:15:00+05:30,backtest
2024-10-22,SBIN,SHORT,801.0,788.75,3,816.85,777.22,-8.02,-0.334,EOD,2024-10-22 11:40:00+05:30,2024-10-22 15:15:00+05:30,backtest
2024-10-23,ITC,SHORT,407.2,407.1,6,409.4,403.9,-44.29,-1.813,EOD,2024-10-23 10:35:00+05:30,2024-10-23 15:15:00+05:30,backtest
2024-10-23,UPL,SHORT,499.85,511.25,5,511.25,482.75,-102.06,-4.083,SL,2024-10-23 09:40:00+05:30,2024-10-23 12:55:00+05:30,backtest
2024-10-24,UPL,LONG,517.4,513.55,5,505.9,534.65,-64.4,-2.49,EOD,2024-10-24 10:25:00+05:30,2024-10-24 15:15:00+05:30,backtest
2024-10-31,ONGC,LONG,247.9,247.4,10,243.1,255.1,-49.95,-2.015,EOD,2024-10-31 10:35:00+05:30,2024-10-31 15:15:00+05:30,backtest
2024-11-05,BAJFINANCE,SHORT,675.0,686.0,3,686.0,658.5,-77.08,-3.807,SL,2024-11-05 11:40:00+05:30,2024-11-05 13:25:00+05:30,backtest
2024-11-11,WIPRO,LONG,277.4,274.05,9,270.5,287.75,-75.11,-3.009,EOD,2024-11-11 11:00:00+05:30,2024-11-11 15:15:00+05:30,backtest
2024-11-11,HDFCLIFE,LONG,711.0,705.75,3,695.8,733.8,-60.0,-2.813,EOD,2024-11-11 11:25:00+05:30,2024-11-11 15:15:00+05:30,backtest
2024-11-12,NTPC,SHORT,386.65,380.1,6,394.8,374.42,-5.3,-0.228,EOD,2024-11-12 09:50:00+05:30,2024-11-12 15:15:00+05:30,backtest
2024-11-12,BAJFINANCE,SHORT,672.0,664.0,3,684.0,654.0,-20.01,-0.992,EOD,2024-11-12 10:40:00+05:30,2024-11-12 15:15:00+05:30,backtest
2024-11-13,BAJFINANCE,LONG,669.5,660.0,3,660.0,683.75,-72.49,-3.609,SL,2024-11-13 09:55:00+05:30,2024-11-13 11:15:00+05:30,backtest
2024-11-14,ITC,SHORT,397.75,393.4,6,400.65,393.4,-18.65,-0.781,TARGET,2024-11-14 09:35:00+05:30,2024-11-14 11:30:00+05:30,backtest
2024-11-19,HDFCLIFE,SHORT,678.8,679.2,3,693.0,657.5,-45.27,-2.223,EOD,2024-11-19 10:55:00+05:30,2024-11-19 15:15:00+05:30,backtest
2024-11-21,TATASTEEL,LONG,137.88,137.07,18,134.12,143.52,-59.53,-2.399,EOD,2024-11-21 11:45:00+05:30,2024-11-21 15:15:00+05:30,backtest
2024-11-21,HINDALCO,LONG,652.45,648.4,3,634.3,679.68,-56.05,-2.864,EOD,2024-11-21 11:55:00+05:30,2024-11-21 15:15:00+05:30,backtest
2024-11-22,WIPRO,LONG,273.1,273.3,9,266.6,282.85,-43.12,-1.754,EOD,2024-11-22 10:30:00+05:30,2024-11-22 15:15:00+05:30,backtest
2024-11-27,NTPC,LONG,368.3,369.2,6,361.35,378.73,-39.03,-1.766,EOD,2024-11-27 10:20:00+05:30,2024-11-27 15:15:00+05:30,backtest
2024-11-28,ONGC,SHORT,242.4,240.35,10,244.55,239.18,-24.33,-1.004,EOD,2024-11-28 10:35:00+05:30,2024-11-28 15:15:00+05:30,backtest
2024-12-02,KOTAKBANK,SHORT,350.2,351.1,6,354.4,343.9,-49.61,-2.361,EOD,2024-12-02 11:20:00+05:30,2024-12-02 15:15:00+05:30,backtest
2024-12-03,NTPC,LONG,361.5,365.92,6,358.55,365.92,-17.81,-0.821,TARGET,2024-12-03 11:30:00+05:30,2024-12-03 13:00:00+05:30,backtest
2024-12-03,UPL,LONG,559.45,562.95,4,553.6,568.23,-30.49,-1.362,EOD,2024-12-03 11:45:00+05:30,2024-12-03 15:15:00+05:30,backtest
2024-12-04,COALINDIA,SHORT,408.6,405.9,5,413.3,401.55,-30.57,-1.496,EOD,2024-12-04 11:55:00+05:30,2024-12-04 15:15:00+05:30,backtest
2024-12-04,POWERGRID,SHORT,323.45,325.2,7,331.0,312.12,-56.79,-2.508,EOD,2024-12-04 11:55:00+05:30,2024-12-04 15:15:00+05:30,backtest
2024-12-05,ITC,SHORT,393.95,398.0,6,398.0,387.88,-69.05,-2.921,SL,2024-12-05 10:15:00+05:30,2024-12-05 14:10:00+05:30,backtest
2024-12-09,UPL,SHORT,555.85,555.75,4,562.25,546.25,-44.05,-1.981,EOD,2024-12-09 10:00:00+05:30,2024-12-09 15:15:00+05:30,backtest
2024-12-09,ONGC,SHORT,245.9,246.75,9,249.25,240.88,-52.08,-2.353,EOD,2024-12-09 10:15:00+05:30,2024-12-09 15:15:00+05:30,backtest
2024-12-11,HINDALCO,LONG,675.6,670.8,3,668.05,686.93,-58.44,-2.883,EOD,2024-12-11 09:40:00+05:30,2024-12-11 15:15:00+05:30,backtest
2024-12-12,COALINDIA,SHORT,400.0,398.65,5,406.85,389.72,-37.24,-1.862,EOD,2024-12-12 10:20:00+05:30,2024-12-12 15:15:00+05:30,backtest
2024-12-13,ITC,LONG,391.1,396.73,5,387.35,396.73,-15.81,-0.809,TARGET,2024-12-13 11:55:00+05:30,2024-12-13 13:00:00+05:30,backtest
2024-12-16,TATASTEEL,SHORT,144.51,144.53,16,146.39,141.69,-44.94,-1.944,EOD,2024-12-16 09:55:00+05:30,2024-12-16 15:15:00+05:30,backtest
2024-12-17,NTPC,SHORT,349.0,349.0,6,353.85,341.72,-44.19,-2.11,EOD,2024-12-17 10:20:00+05:30,2024-12-17 15:15:00+05:30,backtest
2024-12-17,ITC,LONG,400.55,397.75,5,395.55,408.05,-57.99,-2.896,EOD,2024-12-17 11:50:00+05:30,2024-12-17 15:15:00+05:30,backtest
2024-12-24,ITC,LONG,406.2,404.95,5,400.45,414.82,-50.31,-2.477,EOD,2024-12-24 11:15:00+05:30,2024-12-24 15:15:00+05:30,backtest
2024-12-26,WIPRO,LONG,293.3,291.45,7,291.45,296.08,-57.04,-2.778,SL,2024-12-26 10:35:00+05:30,2024-12-26 10:50:00+05:30,backtest
2024-12-27,KOTAKBANK,LONG,353.8,351.1,6,351.1,357.85,-60.43,-2.847,SL,2024-12-27 10:20:00+05:30,2024-12-27 12:55:00+05:30,backtest
2024-12-30,KOTAKBANK,LONG,354.4,349.9,6,349.9,361.15,-71.23,-3.35,SL,2024-12-30 11:45:00+05:30,2024-12-30 13:25:00+05:30,backtest
2024-12-30,HINDALCO,LONG,618.05,611.15,3,611.15,628.4,-64.39,-3.473,SL,2024-12-30 10:40:00+05:30,2024-12-30 12:25:00+05:30,backtest
2024-12-31,HDFCLIFE,SHORT,612.35,616.95,3,619.15,602.15,-57.49,-3.129,EOD,2024-12-31 10:15:00+05:30,2024-12-31 15:15:00+05:30,backtest
2025-01-03,HDFCLIFE,SHORT,617.05,620.9,3,620.9,611.27,-55.26,-2.985,SL,2025-01-03 10:05:00+05:30,2025-01-03 11:35:00+05:30,backtest
2025-01-09,HDFCLIFE,SHORT,612.25,612.0,3,621.1,598.97,-42.92,-2.337,EOD,2025-01-09 11:45:00+05:30,2025-01-09 15:15:00+05:30,backtest
2025-01-09,ITC,LONG,449.1,440.95,4,436.9,467.4,-76.16,-4.24,EOD,2025-01-09 10:30:00+05:30,2025-01-09 15:15:00+05:30,backtest
2025-01-14,HDFCLIFE,SHORT,595.25,600.2,3,608.05,576.05,-58.44,-3.272,EOD,2025-01-14 10:35:00+05:30,2025-01-14 15:15:00+05:30,backtest
2025-01-15,ONGC,LONG,251.25,246.55,8,246.55,258.3,-81.58,-4.059,SL,2025-01-15 10:30:00+05:30,2025-01-15 14:25:00+05:30,backtest
2025-01-15,ITC,LONG,430.3,428.95,4,426.9,435.4,-48.84,-2.837,EOD,2025-01-15 10:40:00+05:30,2025-01-15 15:15:00+05:30,backtest
2025-01-20,POWERGRID,LONG,305.95,306.3,6,301.95,311.95,-41.57,-2.265,EOD,2025-01-20 10:30:00+05:30,2025-01-20 15:15:00+05:30,backtest
2025-01-20,HINDALCO,LONG,620.15,618.7,3,612.25,632.0,-48.07,-2.584,EOD,2025-01-20 11:40:00+05:30,2025-01-20 15:15:00+05:30,backtest
2025-01-21,COALINDIA,SHORT,372.9,371.6,5,379.2,363.45,-37.22,-1.996,EOD,2025-01-21 10:20:00+05:30,2025-01-21 15:15:00+05:30,backtest
2025-01-21,POWERGRID,LONG,308.3,305.4,6,305.4,312.65,-61.08,-3.302,SL,2025-01-21 11:45:00+05:30,2025-01-21 12:15:00+05:30,backtest
2025-01-24,HINDALCO,SHORT,601.5,614.8,3,614.8,581.55,-83.55,-4.63,SL,2025-01-24 10:10:00+05:30,2025-01-24 12:05:00+05:30,backtest
2025-01-27,HDFCLIFE,SHORT,610.45,610.0,3,619.75,596.5,-42.31,-2.31,EOD,2025-01-27 10:35:00+05:30,2025-01-27 15:15:00+05:30,backtest
2025-01-28,ITC,LONG,432.3,428.25,4,428.25,438.38,-59.64,-3.449,SL,2025-01-28 11:00:00+05:30,2025-01-28 11:35:00+05:30,backtest
2025-01-29,ITC,SHORT,424.1,424.45,4,428.5,417.5,-44.79,-2.641,EOD,2025-01-29 10:35:00+05:30,2025-01-29 15:15:00+05:30,backtest
2025-01-29,HDFCLIFE,LONG,621.1,628.1,3,605.15,645.03,-22.75,-1.221,EOD,2025-01-29 11:40:00+05:30,2025-01-29 15:15:00+05:30,backtest
2025-01-30,ITC,LONG,427.05,423.6,4,423.6,432.23,-57.2,-3.349,SL,2025-01-30 10:35:00+05:30,2025-01-30 13:50:00+05:30,backtest
2025-02-01,ITC,SHORT,434.85,443.4,4,443.4,422.03,-77.71,-4.468,SL,2025-02-01 10:20:00+05:30,2025-02-01 12:10:00+05:30,backtest
2025-02-01,KOTAKBANK,LONG,382.2,377.8,5,377.8,388.8,-65.8,-3.443,SL,2025-02-01 10:10:00+05:30,2025-02-01 12:10:00+05:30,backtest
2025-02-12,HDFCLIFE,LONG,631.7,629.15,3,613.3,659.3,-51.43,-2.714,EOD,2025-02-12 11:15:00+05:30,2025-02-12 15:15:00+05:30,backtest
2025-02-13,UPL,LONG,629.05,629.9,3,615.0,650.12,-41.23,-2.185,EOD,2025-02-13 10:45:00+05:30,2025-02-13 15:15:00+05:30,backtest
2025-02-18,ITC,SHORT,397.45,397.15,4,402.4,390.02,-41.98,-2.64,EOD,2025-02-18 11:10:00+05:30,2025-02-18 15:15:00+05:30,backtest
2025-02-20,HDFCLIFE,SHORT,619.8,620.55,3,630.0,604.5,-45.97,-2.472,EOD,2025-02-20 09:45:00+05:30,2025-02-20 15:15:00+05:30,backtest
2025-02-21,ONGC,LONG,231.4,228.9,8,228.9,235.15,-63.68,-3.44,SL,2025-02-21 09:35:00+05:30,2025-02-21 10:05:00+05:30,backtest
2025-02-21,ITC,SHORT,392.05,392.7,4,394.95,387.7,-45.74,-2.917,EOD,2025-02-21 09:40:00+05:30,2025-02-21 15:15:00+05:30,backtest
2025-02-28,ITC,SHORT,385.05,387.6,4,394.25,371.25,-53.29,-3.46,EOD,2025-02-28 11:30:00+05:30,2025-02-28 15:15:00+05:30,backtest
2025-03-05,KOTAKBANK,LONG,389.3,386.4,4,379.1,404.6,-54.7,-3.513,EOD,2025-03-05 11:30:00+05:30,2025-03-05 15:15:00+05:30,backtest
2025-03-18,COALINDIA,LONG,380.1,379.7,4,376.25,385.88,-44.64,-2.936,EOD,2025-03-18 11:55:00+05:30,2025-03-18 15:15:00+05:30,backtest
2025-03-20,KOTAKBANK,SHORT,403.6,406.7,4,406.7,398.95,-55.64,-3.447,SL,2025-03-20 09:40:00+05:30,2025-03-20 10:55:00+05:30,backtest
2025-03-21,COALINDIA,LONG,390.4,398.95,4,384.7,398.95,-8.96,-0.574,TARGET,2025-03-21 09:55:00+05:30,2025-03-21 13:45:00+05:30,backtest
2025-03-26,NTPC,SHORT,362.15,354.85,5,369.0,351.87,-7.09,-0.391,EOD,2025-03-26 10:35:00+05:30,2025-03-26 15:15:00+05:30,backtest
2025-03-27,ITC,LONG,401.6,401.35,4,397.3,408.05,-44.21,-2.752,EOD,2025-03-27 11:40:00+05:30,2025-03-27 15:15:00+05:30,backtest
2025-03-28,NTPC,SHORT,360.85,358.1,5,364.3,355.68,-29.84,-1.654,EOD,2025-03-28 11:40:00+05:30,2025-03-28 15:15:00+05:30,backtest
2025-04-04,ITC,LONG,403.35,401.15,4,396.2,414.08,-52.02,-3.224,EOD,2025-04-04 11:00:00+05:30,2025-04-04 15:15:00+05:30,backtest
2025-04-08,POWERGRID,SHORT,285.45,288.7,6,294.0,272.62,-62.94,-3.675,EOD,2025-04-08 10:40:00+05:30,2025-04-08 15:15:00+05:30,backtest
2025-04-09,ITC,LONG,409.15,407.45,4,402.8,418.67,-50.07,-3.059,EOD,2025-04-09 10:00:00+05:30,2025-04-09 15:15:00+05:30,backtest
2025-04-22,ITC,LONG,418.7,424.47,4,414.85,424.47,-20.27,-1.21,TARGET,2025-04-22 10:40:00+05:30,2025-04-22 15:05:00+05:30,backtest
2025-04-23,ONGC,SHORT,235.55,239.05,7,239.05,230.3,-67.82,-4.113,SL,2025-04-23 10:25:00+05:30,2025-04-23 13:00:00+05:30,backtest
2025-04-24,ITC,LONG,425.3,420.9,4,420.9,431.9,-60.98,-3.585,SL,2025-04-24 11:25:00+05:30,2025-04-24 14:55:00+05:30,backtest
2025-04-25,ONGC,SHORT,235.95,234.95,7,239.05,231.3,-36.3,-2.198,EOD,2025-04-25 09:40:00+05:30,2025-04-25 15:15:00+05:30,backtest
2025-04-25,NTPC,SHORT,355.0,356.85,4,365.8,338.8,-50.25,-3.539,EOD,2025-04-25 10:50:00+05:30,2025-04-25 15:15:00+05:30,backtest
2025-05-06,TATASTEEL,LONG,140.89,141.29,12,138.31,144.76,-38.59,-2.282,EOD,2025-05-06 10:45:00+05:30,2025-05-06 15:15:00+05:30,backtest
2025-05-06,POWERGRID,SHORT,307.25,307.7,5,310.45,302.45,-45.32,-2.95,EOD,2025-05-06 11:25:00+05:30,2025-05-06 15:15:00+05:30,backtest
2025-05-20,NTPC,LONG,348.5,344.2,4,344.2,354.95,-59.97,-4.302,SL,2025-05-20 10:35:00+05:30,2025-05-20 13:15:00+05:30,backtest
2025-05-20,COALINDIA,LONG,399.5,397.8,4,393.35,408.72,-49.99,-3.128,EOD,2025-05-20 09:35:00+05:30,2025-05-20 15:15:00+05:30,backtest
2025-06-06,KOTAKBANK,LONG,409.5,412.65,4,407.4,412.65,-30.69,-1.874,TARGET,2025-06-06 10:25:00+05:30,2025-06-06 10:35:00+05:30,backtest
2025-06-09,ONGC,LONG,231.85,231.4,7,229.35,235.6,-46.39,-2.859,EOD,2025-06-09 10:30:00+05:30,2025-06-09 15:15:00+05:30,backtest
2025-06-09,ITC,LONG,414.55,414.2,3,411.85,418.6,-43.54,-3.501,EOD,2025-06-09 11:35:00+05:30,2025-06-09 15:15:00+05:30,backtest
2025-06-10,WIPRO,LONG,248.25,248.45,6,245.5,252.38,-41.78,-2.805,EOD,2025-06-10 11:20:00+05:30,2025-06-10 15:15:00+05:30,backtest
2025-06-11,KOTAKBANK,LONG,431.6,428.8,3,426.6,439.1,-50.98,-3.937,EOD,2025-06-11 11:05:00+05:30,2025-06-11 15:15:00+05:30,backtest
2025-06-12,WIPRO,LONG,254.3,253.1,6,250.15,260.53,-50.24,-3.293,EOD,2025-06-12 11:15:00+05:30,2025-06-12 15:15:00+05:30,backtest
2025-06-16,TATASTEEL,LONG,153.16,154.11,10,151.32,155.92,-33.57,-2.192,EOD,2025-06-16 10:50:00+05:30,2025-06-16 15:15:00+05:30,backtest
2025-07-03,ITC,LONG,407.0,404.8,3,402.8,413.3,-49.04,-4.016,EOD,2025-07-03 11:20:00+05:30,2025-07-03 15:15:00+05:30,backtest
2025-07-04,POWERGRID,SHORT,292.1,294.6,5,294.6,288.35,-55.43,-3.796,SL,2025-07-04 09:35:00+05:30,2025-07-04 12:55:00+05:30,backtest
2025-07-07,ITC,LONG,408.5,407.6,3,403.55,415.92,-45.15,-3.684,EOD,2025-07-07 11:40:00+05:30,2025-07-07 15:15:00+05:30,backtest
2025-07-07,NTPC,LONG,338.8,337.1,4,333.75,346.38,-49.5,-3.653,EOD,2025-07-07 09:40:00+05:30,2025-07-07 15:15:00+05:30,backtest
2025-07-09,ITC,LONG,410.7,410.95,3,406.9,416.4,-41.71,-3.386,EOD,2025-07-09 11:25:00+05:30,2025-07-09 15:15:00+05:30,backtest
2025-07-10,KOTAKBANK,LONG,447.5,445.2,3,445.2,450.95,-49.58,-3.693,SL,2025-07-10 09:45:00+05:30,2025-07-10 11:05:00+05:30,backtest
2025-07-10,COALINDIA,SHORT,374.85,374.05,4,378.6,369.23,-39.8,-2.654,EOD,2025-07-10 09:45:00+05:30,2025-07-10 15:15:00+05:30,backtest
2025-07-15,TATASTEEL,SHORT,158.82,159.02,9,160.85,155.77,-44.66,-3.124,EOD,2025-07-15 09:40:00+05:30,2025-07-15 15:15:00+05:30,backtest
2025-07-18,POWERGRID,SHORT,296.1,294.25,5,301.5,288.0,-33.7,-2.276,EOD,2025-07-18 11:45:00+05:30,2025-07-18 15:15:00+05:30,backtest
2025-07-23,POWERGRID,LONG,299.55,299.3,4,297.1,303.23,-43.4,-3.622,EOD,2025-07-23 11:00:00+05:30,2025-07-23 15:15:00+05:30,backtest
2025-07-23,KOTAKBANK,LONG,434.4,434.4,3,431.4,438.9,-42.61,-3.269,EOD,2025-07-23 10:45:00+05:30,2025-07-23 15:15:00+05:30,backtest
2025-07-24,COALINDIA,SHORT,376.8,375.05,3,380.45,371.33,-37.01,-3.274,EOD,2025-07-24 10:15:00+05:30,2025-07-24 15:15:00+05:30,backtest
2025-07-25,NTPC,SHORT,336.25,333.3,4,339.9,330.78,-30.88,-2.296,EOD,2025-07-25 09:55:00+05:30,2025-07-25 15:15:00+05:30,backtest
2025-07-30,KOTAKBANK,SHORT,392.1,392.1,3,395.6,386.85,-42.35,-3.6,EOD,2025-07-30 10:30:00+05:30,2025-07-30 15:15:00+05:30,backtest
2025-07-30,POWERGRID,LONG,294.75,292.25,4,292.25,298.5,-52.35,-4.44,SL,2025-07-30 10:10:00+05:30,2025-07-30 14:55:00+05:30,backtest
2025-07-31,ONGC,LONG,229.9,229.85,6,228.65,231.78,-43.06,-3.122,EOD,2025-07-31 10:25:00+05:30,2025-07-31 15:15:00+05:30,backtest
2025-08-04,ONGC,SHORT,223.8,223.85,6,227.35,218.48,-42.99,-3.201,EOD,2025-08-04 11:45:00+05:30,2025-08-04 15:15:00+05:30,backtest
2025-08-04,COALINDIA,LONG,366.7,364.8,3,360.45,376.07,-47.89,-4.354,EOD,2025-08-04 11:50:00+05:30,2025-08-04 15:15:00+05:30,backtest
2025-08-05,POWERGRID,SHORT,286.3,286.15,4,288.65,282.78,-41.69,-3.64,EOD,2025-08-05 10:00:00+05:30,2025-08-05 15:15:00+05:30,backtest
2025-08-06,ITC,SHORT,402.75,403.4,3,406.5,397.12,-44.37,-3.672,EOD,2025-08-06 10:35:00+05:30,2025-08-06 15:15:00+05:30,backtest
2025-08-06,POWERGRID,SHORT,285.7,284.9,4,288.4,281.65,-39.08,-3.42,EOD,2025-08-06 10:55:00+05:30,2025-08-06 15:15:00+05:30,backtest
2025-08-07,TATASTEEL,SHORT,156.68,158.3,8,158.3,154.25,-55.48,-4.426,SL,2025-08-07 11:40:00+05:30,2025-08-07 14:10:00+05:30,backtest
2025-08-08,KOTAKBANK,SHORT,395.0,390.2,3,399.9,387.65,-27.96,-2.359,EOD,2025-08-08 11:00:00+05:30,2025-08-08 15:15:00+05:30,backtest
2025-08-11,ITC,LONG,407.3,408.4,3,405.5,410.0,-39.15,-3.204,EOD,2025-08-11 10:45:00+05:30,2025-08-11 15:15:00+05:30,backtest
2025-08-11,COALINDIA,SHORT,367.1,370.6,3,370.6,361.85,-52.71,-4.786,SL,2025-08-11 10:05:00+05:30,2025-08-11 12:15:00+05:30,backtest
2025-08-12,NTPC,LONG,339.2,340.35,3,335.75,344.38,-38.59,-3.792,EOD,2025-08-12 10:10:00+05:30,2025-08-12 15:15:00+05:30,backtest
2025-08-13,KOTAKBANK,LONG,396.4,397.6,3,392.4,402.4,-38.78,-3.261,EOD,2025-08-13 10:55:00+05:30,2025-08-13 15:15:00+05:30,backtest
2025-08-14,WIPRO,LONG,242.0,240.7,5,236.3,250.55,-48.91,-4.042,EOD,2025-08-14 11:05:00+05:30,2025-08-14 15:15:00+05:30,backtest
2025-08-21,NTPC,SHORT,340.85,338.7,3,344.35,335.6,-35.59,-3.48,EOD,2025-08-21 10:10:00+05:30,2025-08-21 15:15:00+05:30,backtest
2025-08-21,ONGC,LONG,229.25,227.35,5,226.25,233.75,-51.78,-4.518,EOD,2025-08-21 09:45:00+05:30,2025-08-21 15:15:00+05:30,backtest
2025-08-25,ONGC,LONG,225.9,224.9,5,224.9,227.4,-47.25,-4.184,SL,2025-08-25 11:15:00+05:30,2025-08-25 12:15:00+05:30,backtest
2025-08-25,COALINDIA,LONG,367.5,369.95,3,364.9,371.4,-34.86,-3.162,EOD,2025-08-25 09:45:00+05:30,2025-08-25 15:15:00+05:30,backtest
2025-08-26,WIPRO,LONG,247.65,246.2,4,246.2,249.83,-47.78,-4.823,SL,2025-08-26 09:35:00+05:30,2025-08-26 10:50:00+05:30,backtest
2025-08-26,KOTAKBANK,SHORT,394.4,393.1,3,396.8,390.8,-38.46,-3.251,EOD,2025-08-26 11:50:00+05:30,2025-08-26 15:15:00+05:30,backtest
2025-08-28,ONGC,LONG,224.25,222.95,5,222.95,226.2,-48.74,-4.347,SL,2025-08-28 10:45:00+05:30,2025-08-28 13:25:00+05:30,backtest
2025-08-29,POWERGRID,LONG,275.05,275.15,4,272.75,278.5,-41.8,-3.799,EOD,2025-08-29 10:25:00+05:30,2025-08-29 15:15:00+05:30,backtest
2025-09-01,ONGC,LONG,225.05,227.65,5,222.25,229.25,-29.26,-2.601,EOD,2025-09-01 11:25:00+05:30,2025-09-01 15:15:00+05:30,backtest
2025-09-02,ONGC,LONG,228.85,228.35,5,226.35,232.6,-44.79,-3.914,EOD,2025-09-02 09:35:00+05:30,2025-09-02 15:15:00+05:30,backtest
2025-09-02,TATASTEEL,LONG,158.02,158.45,7,155.5,161.8,-39.21,-3.544,EOD,2025-09-02 10:35:00+05:30,2025-09-02 15:15:00+05:30,backtest
2025-09-05,WIPRO,SHORT,236.7,237.35,4,241.1,230.1,-44.5,-4.7,EOD,2025-09-05 10:10:00+05:30,2025-09-05 15:15:00+05:30,backtest
2025-09-05,ONGC,SHORT,223.85,223.15,5,226.2,220.32,-38.74,-3.461,EOD,2025-09-05 10:05:00+05:30,2025-09-05 15:15:00+05:30,backtest
2025-09-08,ONGC,SHORT,221.6,221.75,5,224.1,217.85,-42.97,-3.878,EOD,2025-09-08 11:05:00+05:30,2025-09-08 15:15:00+05:30,backtest
2025-09-10,TATASTEEL,LONG,170.58,168.75,6,168.75,173.33,-53.02,-5.18,SL,2025-09-10 10:05:00+05:30,2025-09-10 14:20:00+05:30,backtest
2025-09-11,TATASTEEL,LONG,170.66,169.01,6,169.01,173.13,-51.94,-5.072,SL,2025-09-11 10:20:00+05:30,2025-09-11 13:00:00+05:30,backtest
2025-09-15,ONGC,SHORT,221.9,221.45,4,223.35,219.73,-39.97,-4.504,EOD,2025-09-15 09:35:00+05:30,2025-09-15 15:15:00+05:30,backtest
2025-09-17,ONGC,LONG,226.75,224.35,4,224.35,230.35,-51.4,-5.668,SL,2025-09-17 10:25:00+05:30,2025-09-17 13:35:00+05:30,backtest
2025-09-23,NTPC,LONG,341.0,343.05,3,338.1,345.35,-35.9,-3.509,EOD,2025-09-23 11:30:00+05:30,2025-09-23 15:15:00+05:30,backtest
2025-09-24,NTPC,LONG,346.5,347.35,3,342.25,352.88,-39.53,-3.803,EOD,2025-09-24 10:05:00+05:30,2025-09-24 15:15:00+05:30,backtest
2025-09-29,NTPC,LONG,340.95,341.3,3,338.0,345.38,-41.0,-4.008,EOD,2025-09-29 10:55:00+05:30,2025-09-29 15:15:00+05:30,backtest
2025-10-01,POWERGRID,LONG,282.15,280.3,3,280.3,284.92,-47.24,-5.581,SL,2025-10-01 10:10:00+05:30,2025-10-01 15:10:00+05:30,backtest
2025-10-01,NTPC,LONG,342.15,339.45,3,339.45,346.2,-50.14,-4.885,SL,2025-10-01 10:10:00+05:30,2025-10-01 10:55:00+05:30,backtest
2025-10-07,NTPC,SHORT,338.25,338.05,3,341.4,333.53,-41.43,-4.083,EOD,2025-10-07 10:30:00+05:30,2025-10-07 15:15:00+05:30,backtest
2025-10-08,TATASTEEL,SHORT,170.85,172.95,5,172.95,167.7,-52.22,-6.113,SL,2025-10-08 11:05:00+05:30,2025-10-08 12:10:00+05:30,backtest
2025-10-09,ONGC,LONG,231.65,232.0,4,230.25,233.75,-40.45,-4.366,EOD,2025-10-09 10:35:00+05:30,2025-10-09 15:15:00+05:30,backtest
2025-10-15,TATASTEEL,LONG,173.14,173.31,5,170.11,177.68,-40.88,-4.722,EOD,2025-10-15 10:50:00+05:30,2025-10-15 15:15:00+05:30,backtest
2025-10-16,TATASTEEL,LONG,173.5,174.09,5,172.22,175.42,-38.79,-4.471,EOD,2025-10-16 11:10:00+05:30,2025-10-16 15:15:00+05:30,backtest
2025-10-16,WIPRO,LONG,245.85,247.45,3,242.55,250.8,-36.68,-4.973,EOD,2025-10-16 11:15:00+05:30,2025-10-16 15:15:00+05:30,backtest
2025-11-10,WIPRO,LONG,233.15,233.9,4,231.05,236.3,-38.87,-4.168,EOD,2025-11-10 10:20:00+05:30,2025-11-10 15:15:00+05:30,backtest
2025-11-19,TATASTEEL,LONG,173.35,173.29,5,172.06,175.28,-42.03,-4.85,EOD,2025-11-19 10:20:00+05:30,2025-11-19 15:15:00+05:30,backtest
2025-11-20,ONGC,LONG,244.25,242.3,3,241.9,247.77,-47.31,-6.456,EOD,2025-11-20 10:25:00+05:30,2025-11-20 15:15:00+05:30,backtest
2025-11-25,ONGC,LONG,241.35,239.6,3,239.0,244.88,-46.69,-6.449,EOD,2025-11-25 10:45:00+05:30,2025-11-25 15:15:00+05:30,backtest
2025-12-02,POWERGRID,SHORT,268.0,267.7,3,270.65,264.03,-40.71,-5.063,EOD,2025-12-02 10:15:00+05:30,2025-12-02 15:15:00+05:30,backtest
2025-12-05,ONGC,SHORT,236.45,235.5,3,237.6,234.72,-38.57,-5.437,EOD,2025-12-05 10:10:00+05:30,2025-12-05 15:15:00+05:30,backtest
2025-12-12,POWERGRID,SHORT,264.25,263.8,3,266.75,260.5,-40.23,-5.075,EOD,2025-12-12 11:30:00+05:30,2025-12-12 15:15:00+05:30,backtest
2025-12-18,POWERGRID,SHORT,258.7,258.1,3,261.7,254.2,-39.75,-5.122,EOD,2025-12-18 10:10:00+05:30,2025-12-18 15:15:00+05:30,backtest
2025-12-29,ONGC,LONG,231.1,229.3,3,228.6,234.85,-46.78,-6.748,EOD,2025-12-29 10:30:00+05:30,2025-12-29 15:15:00+05:30,backtest
2025-12-31,POWERGRID,LONG,265.0,264.9,3,260.55,271.67,-41.89,-5.269,EOD,2025-12-31 11:40:00+05:30,2025-12-31 15:15:00+05:30,backtest
2026-01-02,WIPRO,LONG,261.9,262.65,3,259.45,265.57,-39.32,-5.005,EOD,2026-01-02 09:40:00+05:30,2026-01-02 15:15:00+05:30,backtest
2026-01-02,POWERGRID,LONG,269.1,270.65,3,266.35,273.23,-36.97,-4.579,EOD,2026-01-02 10:40:00+05:30,2026-01-02 15:15:00+05:30,backtest
2026-01-07,POWERGRID,SHORT,265.5,264.0,3,268.95,260.33,-37.09,-4.656,EOD,2026-01-07 09:45:00+05:30,2026-01-07 15:15:00+05:30,backtest
2026-01-07,ONGC,LONG,235.6,233.9,3,233.9,238.15,-46.51,-6.58,SL,2026-01-07 10:05:00+05:30,2026-01-07 12:25:00+05:30,backtest
2026-01-21,TATASTEEL,SHORT,183.1,184.3,4,185.47,179.54,-46.27,-6.318,EOD,2026-01-21 10:25:00+05:30,2026-01-21 15:15:00+05:30,backtest
2026-01-23,TATASTEEL,LONG,190.85,188.34,4,188.34,194.61,-51.56,-6.754,SL,2026-01-23 09:50:00+05:30,2026-01-23 13:20:00+05:30,backtest
2026-02-10,TATASTEEL,LONG,207.81,208.02,3,201.08,217.9,-40.62,-6.515,EOD,2026-02-10 10:05:00+05:30,2026-02-10 15:15:00+05:30,backtest
2026-02-11,WIPRO,SHORT,230.6,229.93,3,233.0,227.0,-39.37,-5.691,EOD,2026-02-11 10:35:00+05:30,2026-02-11 15:15:00+05:30,backtest
